INJECTOR,PRODUCER,ALLOCATION,TAU,TAUP,PRODUCTIVITY,LO,MODEL,ID,R2,BIAS_RATIO,CORRELATION,VARIANCE_RATIO,QUALITY_SCORE,SUBZONE
MG-0380_I,MG-0008_P,1.2856075343526165e-05,0.5,1.0,0.0,1.0000000149011612,OneLayerCRMPSingleConstrained,0,-0.2511362127810308,2.2074975664886297e-05,0.9708659408090662,2.233402066561197e-05,0.2581390810811235,ALLWARA
MG-0230_I,MG-0058_P,0.00012913752442049762,5.99952250203343,0.5040503931472088,2.7403936095538973e-15,0.12202281714021988,OneLayerCRMPSingleConstrained,1,-4.86213262025422,0.0003739718278183913,-0.1349770189114255,0.0023205986016626287,-0.062486556217449474,ALLWARA
MG-0270_I,MG-0058_P,6.680315184944025e-06,5.99952250203343,0.5040503931472088,2.7403936095538973e-15,0.12202281714021988,OneLayerCRMPSingleConstrained,2,-4.86213262025422,0.0003739718278183913,-0.1349770189114255,0.0023205986016626287,-0.062486556217449474,ALLWARA
MG-0380_I,MG-0068_P,3.804412619833802e-05,5.93592152191723,24.618831670288696,0.0,1.235315895829388,OneLayerCRMPSingleConstrained,3,0.9604003921145639,0.9372914247685389,0.9813781279008325,0.9576952502625689,0.9541242768705324,ALLWARA
MG-0230_I,MG-0109_P,0.9973985586273779,1.023405513460593,50.0,1.926523856504218e-14,1.4,OneLayerCRMPSingleConstrained,4,-0.1759619618320487,0.7918929278891188,0.4359564794106148,0.6337338989916819,0.5803939625834397,ALLWARA
MG-0621_I,MG-0109_P,0.9969784441658697,1.023405513460593,50.0,1.926523856504218e-14,1.4,OneLayerCRMPSingleConstrained,5,-0.1759619618320487,0.7918929278891188,0.4359564794106148,0.6337338989916819,0.5803939625834397,ALLWARA
MG-0380_I,MG-0278_P,0.9974704889822326,6.0,1.3731106005963416,0.0,1.0203904623210154,OneLayerCRMPSingleConstrained,6,-0.461249454932517,0.7271264465363477,-0.03919484801804893,0.4628621023236497,0.25951004675334843,ALLWARA
MG-0621_I,MG-0278_P,0.0005441676982919993,6.0,1.3731106005963416,0.0,1.0203904623210154,OneLayerCRMPSingleConstrained,7,-0.461249454932517,0.7271264465363477,-0.03919484801804893,0.4628621023236497,0.25951004675334843,ALLWARA
MG-0013_I,MG-0338_P,1.349329560125649e-05,5.085353001079705,50.0,0.0,1.4,OneLayerCRMPSingleConstrained,8,-0.8006971462887307,0.9058572198539067,0.34437636186798914,1.1747037322798328,0.5522618092274898,ALLWARA
MG-0270_I,MG-0338_P,7.834694435523869e-06,5.085353001079705,50.0,0.0,1.4,OneLayerCRMPSingleConstrained,9,-0.8006971462887307,0.9058572198539067,0.34437636186798914,1.1747037322798328,0.5522618092274898,ALLWARA
MG-0526_I,MG-0338_P,6.172702600178233e-06,5.085353001079705,50.0,0.0,1.4,OneLayerCRMPSingleConstrained,10,-0.8006971462887307,0.9058572198539067,0.34437636186798914,1.1747037322798328,0.5522618092274898,ALLWARA
MG-0528_I,MG-0338_P,0.19339950611458265,5.085353001079705,50.0,0.0,1.4,OneLayerCRMPSingleConstrained,11,-0.8006971462887307,0.9058572198539067,0.34437636186798914,1.1747037322798328,0.5522618092274898,ALLWARA
MG-0571_I,MG-0338_P,0.0014760200580632135,5.085353001079705,50.0,0.0,1.4,OneLayerCRMPSingleConstrained,12,-0.8006971462887307,0.9058572198539067,0.34437636186798914,1.1747037322798328,0.5522618092274898,ALLWARA
MG-0526_I,MG-0525_P,1.2089693101659562e-05,4.886157741016921,1.0,0.0,1.0000000149011612,OneLayerCRMPSingleConstrained,13,-0.12933190955672091,0.00013152911770296157,0.9554280122702676,0.00014404186068119927,0.2578768139841765,ALLWARA
MG-0528_I,MG-0525_P,0.0001335920946944021,4.886157741016921,1.0,0.0,1.0000000149011612,OneLayerCRMPSingleConstrained,14,-0.12933190955672091,0.00013152911770296157,0.9554280122702676,0.00014404186068119927,0.2578768139841765,ALLWARA
MG-0578_I,MG-0525_P,0.2086254281443708,4.886157741016921,1.0,0.0,1.0000000149011612,OneLayerCRMPSingleConstrained,15,-0.12933190955672091,0.00013152911770296157,0.9554280122702676,0.00014404186068119927,0.2578768139841765,ALLWARA
MG-0582_I,MG-0525_P,0.1083811446118412,4.886157741016921,1.0,0.0,1.0000000149011612,OneLayerCRMPSingleConstrained,16,-0.12933190955672091,0.00013152911770296157,0.9554280122702676,0.00014404186068119927,0.2578768139841765,ALLWARA
MG-0013_I,MG-0527_P,6.128899766755615e-06,6.0,1.0,0.0,1.0,OneLayerCRMPSingleConstrained,17,0.40012447186626765,0.34575955068547376,0.9578556207477519,0.34504558694564036,0.5138831933395414,ALLWARA
MG-0270_I,MG-0527_P,0.9975128977238936,6.0,1.0,0.0,1.0,OneLayerCRMPSingleConstrained,18,0.40012447186626765,0.34575955068547376,0.9578556207477519,0.34504558694564036,0.5138831933395414,ALLWARA
MG-0526_I,MG-0527_P,6.128832973514878e-06,6.0,1.0,0.0,1.0,OneLayerCRMPSingleConstrained,19,0.40012447186626765,0.34575955068547376,0.9578556207477519,0.34504558694564036,0.5138831933395414,ALLWARA
MG-0528_I,MG-0527_P,0.00039566581347574083,6.0,1.0,0.0,1.0,OneLayerCRMPSingleConstrained,20,0.40012447186626765,0.34575955068547376,0.9578556207477519,0.34504558694564036,0.5138831933395414,ALLWARA
MG-0571_I,MG-0527_P,0.0011469898466871012,6.0,1.0,0.0,1.0,OneLayerCRMPSingleConstrained,21,0.40012447186626765,0.34575955068547376,0.9578556207477519,0.34504558694564036,0.5138831933395414,ALLWARA
MG-0013_I,MG-0553_P,0.997507803166292,6.0,1.0,0.0,1.0000000149011612,OneLayerCRMPSingleConstrained,22,0.6017482802209211,0.7307495819285965,0.8908992884109856,0.9337353613187609,0.8039935229658464,ALLWARA
MG-0526_I,MG-0553_P,0.9974969322463275,6.0,1.0,0.0,1.0000000149011612,OneLayerCRMPSingleConstrained,23,0.6017482802209211,0.7307495819285965,0.8908992884109856,0.9337353613187609,0.8039935229658464,ALLWARA
MG-0571_I,MG-0553_P,0.0065994295195076795,6.0,1.0,0.0,1.0000000149011612,OneLayerCRMPSingleConstrained,24,0.6017482802209211,0.7307495819285965,0.8908992884109856,0.9337353613187609,0.8039935229658464,ALLWARA
MG-0289_I,MG-0567_P,0.5972551058546818,3.5227931534118673,1.0,0.0,1.0,OneLayerCRMPSingleConstrained,25,0.9510162858067552,1.0143441871721959,0.9752824421553397,0.9830937375756093,0.9800976587291333,ALLWARA
MG-0380_I,MG-0567_P,6.128670500484963e-06,3.5227931534118673,1.0,0.0,1.0,OneLayerCRMPSingleConstrained,26,0.9510162858067552,1.0143441871721959,0.9752824421553397,0.9830937375756093,0.9800976587291333,ALLWARA
MG-0621_I,MG-0567_P,6.125647272645876e-06,3.5227931534118673,1.0,0.0,1.0,OneLayerCRMPSingleConstrained,27,0.9510162858067552,1.0143441871721959,0.9752824421553397,0.9830937375756093,0.9800976587291333,ALLWARA
MG-0528_I,MG-0579_P,4.935804458626845e-05,0.5,1.0,0.0,1.0000000149011612,OneLayerCRMPSingleConstrained,28,0.9275254977857155,0.9070981637275851,0.9649453244750691,0.9192821822281791,0.9286673408100494,ALLWARA
MG-0578_I,MG-0579_P,0.2687461592930456,0.5,1.0,0.0,1.0000000149011612,OneLayerCRMPSingleConstrained,29,0.9275254977857155,0.9070981637275851,0.9649453244750691,0.9192821822281791,0.9286673408100494,ALLWARA
MG-0582_I,MG-0579_P,0.0015223352262203292,0.5,1.0,0.0,1.0000000149011612,OneLayerCRMPSingleConstrained,30,0.9275254977857155,0.9070981637275851,0.9649453244750691,0.9192821822281791,0.9286673408100494,ALLWARA
MG-0303_I,MG-0581_P,0.9859987236146459,0.5,1.0,0.0,1.0000000149011612,OneLayerCRMPSingleConstrained,31,0.8794375689425201,0.8462948557882436,0.943843164388235,0.8911418091816475,0.884954364423451,ALLWARA
MG-0526_I,MG-0581_P,6.128832973514878e-06,0.5,1.0,0.0,1.0000000149011612,OneLayerCRMPSingleConstrained,32,0.8794375689425201,0.8462948557882436,0.943843164388235,0.8911418091816475,0.884954364423451,ALLWARA
MG-0528_I,MG-0581_P,0.786109421556062,0.5,1.0,0.0,1.0000000149011612,OneLayerCRMPSingleConstrained,33,0.8794375689425201,0.8462948557882436,0.943843164388235,0.8911418091816475,0.884954364423451,ALLWARA
MG-0571_I,MG-0581_P,0.9883277410363883,0.5,1.0,0.0,1.0000000149011612,OneLayerCRMPSingleConstrained,34,0.8794375689425201,0.8462948557882436,0.943843164388235,0.8911418091816475,0.884954364423451,ALLWARA
MG-0578_I,MG-0581_P,0.0701268669397106,0.5,1.0,0.0,1.0000000149011612,OneLayerCRMPSingleConstrained,35,0.8794375689425201,0.8462948557882436,0.943843164388235,0.8911418091816475,0.884954364423451,ALLWARA
MG-0582_I,MG-0581_P,0.0015534011925672434,0.5,1.0,0.0,1.0000000149011612,OneLayerCRMPSingleConstrained,36,0.8794375689425201,0.8462948557882436,0.943843164388235,0.8911418091816475,0.884954364423451,ALLWARA
MG-0582_I,MG-0583_P,0.2970106971043403,0.5,1.0,0.0,1.0,OneLayerCRMPSingleConstrained,37,0.9136052217399913,0.9015324611118153,0.9566888198695928,0.9453100157333967,0.9257950744192054,ALLWARA
