DATE,LIQUID_VOLUME_sim,CUM_WATER_INJECTED_sim,LIQUID_VOLUME,PRIMARY_SUPPORT,PRESSURE_DEPLETION,ACTIVITY,WATER_VOLUME,OIL_VOLUME,INJECTION_SUPPORT,NAME,TRAIN,ID,SUBZONE
2021-06-01,0.0,0.0,0.0,0.0,0.0,0.0,0.0,0.0,0.0,MG-0008_P,True,0,ALLWARA
2021-07-01,0.0,0.0,0.0,0.0,0.0,0.0,0.0,0.0,0.0,MG-0008_P,True,1,ALLWARA
2021-08-01,0.0,0.0,0.0,0.0,0.0,0.0,0.0,0.0,0.0,MG-0008_P,True,2,ALLWARA
2021-09-01,0.0,0.0,0.0,0.0,0.0,0.0,0.0,0.0,0.0,MG-0008_P,True,3,ALLWARA
2021-10-01,0.0,0.0,0.0,0.0,0.0,0.0,0.0,0.0,0.0,MG-0008_P,True,4,ALLWARA
2021-11-01,0.0,0.0,0.0,0.0,0.0,0.0,0.0,0.0,0.0,MG-0008_P,True,5,ALLWARA
2021-12-01,0.0,0.0,0.0,0.0,0.0,0.0,0.0,0.0,0.0,MG-0008_P,True,6,ALLWARA
2022-01-01,0.0,0.0,0.0,0.0,0.0,0.0,0.0,0.0,0.0,MG-0008_P,True,7,ALLWARA
2022-02-01,0.0,0.0,0.0,0.0,0.0,0.0,0.0,0.0,0.0,MG-0008_P,True,8,ALLWARA
2022-03-01,0.0,0.0,0.0,0.0,0.0,0.0,0.0,0.0,0.0,MG-0008_P,True,9,ALLWARA
2022-04-01,0.0,0.0,0.0,0.0,0.0,0.0,0.0,0.0,0.0,MG-0008_P,True,10,ALLWARA
2022-05-01,0.0,0.0,0.0,0.0,0.0,0.0,0.0,0.0,0.0,MG-0008_P,True,11,ALLWARA
2022-06-01,0.0,0.0,0.0,0.0,0.0,0.0,0.0,0.0,0.0,MG-0008_P,True,12,ALLWARA
2022-07-01,0.0,0.0,0.0,0.0,0.0,0.0,0.0,0.0,0.0,MG-0008_P,True,13,ALLWARA
2022-08-01,0.0,0.0,0.0,0.0,0.0,0.0,0.0,0.0,0.0,MG-0008_P,True,14,ALLWARA
2022-09-01,0.0,0.0,0.0,0.0,0.0,0.0,0.0,0.0,0.0,MG-0008_P,True,15,ALLWARA
2022-10-01,0.0,0.0,0.0,0.0,0.0,0.0,0.0,0.0,0.0,MG-0008_P,True,16,ALLWARA
2022-11-01,0.0,0.0,0.0,0.0,0.0,0.0,0.0,0.0,0.0,MG-0008_P,True,17,ALLWARA
2022-12-01,0.0,0.0,0.0,0.0,0.0,0.0,0.0,0.0,0.0,MG-0008_P,True,18,ALLWARA
2023-01-01,0.0,0.0,0.0,0.0,0.0,0.0,0.0,0.0,0.0,MG-0008_P,True,19,ALLWARA
2023-02-01,0.0,0.0,0.0,0.0,0.0,0.0,0.0,0.0,0.0,MG-0008_P,True,20,ALLWARA
2023-03-01,0.0,0.0,0.0,0.0,0.0,0.0,0.0,0.0,0.0,MG-0008_P,True,21,ALLWARA
2023-04-01,0.0,0.0,0.0,0.0,0.0,0.0,0.0,0.0,0.0,MG-0008_P,True,22,ALLWARA
2023-05-01,0.0,0.0,0.0,0.0,0.0,0.0,0.0,0.0,0.0,MG-0008_P,True,23,ALLWARA
2023-06-01,0.0,0.0,0.0,0.0,0.0,0.0,0.0,0.0,0.0,MG-0008_P,True,24,ALLWARA
2023-07-01,0.0,0.0,0.0,0.0,0.0,0.0,0.0,0.0,0.0,MG-0008_P,True,25,ALLWARA
2023-08-01,0.0,0.0,0.0,0.0,0.0,0.0,0.0,0.0,0.0,MG-0008_P,True,26,ALLWARA
2023-09-01,0.0,0.0,0.0,0.0,0.0,0.0,0.0,0.0,0.0,MG-0008_P,True,27,ALLWARA
2023-10-01,0.0,0.0,0.0,0.0,0.0,0.0,0.0,0.0,0.0,MG-0008_P,True,28,ALLWARA
2023-11-01,0.0,0.0,0.0,0.0,0.0,0.0,0.0,0.0,0.0,MG-0008_P,True,29,ALLWARA
2023-12-01,0.0,0.0,0.0,0.0,0.0,0.0,0.0,0.0,0.0,MG-0008_P,True,30,ALLWARA
2024-01-01,0.0,0.0,0.0,0.0,0.0,0.0,0.0,0.0,0.0,MG-0008_P,True,31,ALLWARA
2024-02-01,0.0,0.0,0.0,0.0,0.0,0.0,0.0,0.0,0.0,MG-0008_P,True,32,ALLWARA
2024-03-01,0.0,0.0,0.0,0.0,0.0,0.0,0.0,0.0,0.0,MG-0008_P,True,33,ALLWARA
2024-04-01,0.0,0.0,0.0,0.0,0.0,0.0,0.0,0.0,0.0,MG-0008_P,True,34,ALLWARA
2024-05-01,0.0,0.0,0.0,0.0,0.0,0.0,0.0,0.0,0.0,MG-0008_P,True,35,ALLWARA
2024-06-01,0.0,0.0,0.0,0.0,0.0,0.0,0.0,0.0,0.0,MG-0008_P,True,36,ALLWARA
2024-07-01,0.0,0.0,0.0,0.0,0.0,0.0,0.0,0.0,0.0,MG-0008_P,True,37,ALLWARA
2024-08-01,0.0,0.0,0.0,0.0,0.0,0.0,0.0,0.0,0.0,MG-0008_P,True,38,ALLWARA
2024-09-01,0.0,0.0,0.0,0.0,0.0,0.0,0.0,0.0,0.0,MG-0008_P,True,39,ALLWARA
2024-10-01,0.0,0.0,0.0,0.0,0.0,0.0,0.0,0.0,0.0,MG-0008_P,True,40,ALLWARA
2024-11-01,0.0,0.0,0.0,0.0,0.0,0.0,0.0,0.0,0.0,MG-0008_P,True,41,ALLWARA
2024-12-01,0.0,0.0,0.0,0.0,0.0,0.0,0.0,0.0,0.0,MG-0008_P,True,42,ALLWARA
2025-01-01,0.0,0.0,0.0,0.0,0.0,0.0,0.0,0.0,0.0,MG-0008_P,True,43,ALLWARA
2025-02-01,0.0,0.0,0.0,0.0,0.0,0.0,0.0,0.0,0.0,MG-0008_P,True,44,ALLWARA
2025-03-01,0.0,0.0,0.0,0.0,0.0,0.0,0.0,0.0,0.0,MG-0008_P,True,45,ALLWARA
2025-04-01,0.019169208243445444,0.019169208243445444,934.35,0.0,0.0,1.0,309.63,624.72,934.35,MG-0008_P,True,46,ALLWARA
2025-05-01,0.019224310481189073,0.03839351872463452,885.18,0.0,0.0,1.0,103.45,781.7299999999999,885.18,MG-0008_P,True,47,ALLWARA
2025-06-01,0.019426963936362767,0.05782048266099729,944.56,0.0,0.0,1.0,61.1,883.4599999999999,944.56,MG-0008_P,True,48,ALLWARA
2025-07-01,0.019246517278265048,0.07706699993926233,623.49,0.0,0.0,1.0,109.65,513.84,623.49,MG-0008_P,True,49,ALLWARA
2025-08-01,0.019345930982708603,0.09641293092197094,655.02,0.0,0.0,1.0,85.08,569.9399999999999,655.02,MG-0008_P,True,50,ALLWARA
2025-09-01,0.018123708664543752,0.1145366395865147,851.68,0.0,0.0,1.0,0.0,851.68,851.68,MG-0008_P,True,51,ALLWARA
2025-10-01,0.019958546968602,0.1344951865551167,865.83,0.0,0.0,1.0,0.0,865.83,865.83,MG-0008_P,True,52,ALLWARA
2025-11-01,0.02026600346237363,0.15476119001749034,906.1,0.0,0.0,1.0,0.0,906.1,906.1,MG-0008_P,True,53,ALLWARA
2025-12-01,0.020362193647907107,0.17512338366539745,886.88,0.0,0.0,1.0,0.0,886.88,886.88,MG-0008_P,True,54,ALLWARA
2026-01-01,0.020309403538702198,0.19543278720409965,836.65,0.0,0.0,1.0,0.0,836.65,836.65,MG-0008_P,True,55,ALLWARA
2026-02-01,0.020368067220067045,0.2158008544241667,861.68,0.0,0.0,1.0,0.0,861.68,861.68,MG-0008_P,False,56,ALLWARA
2026-03-01,0.007748009152028131,0.22354886357619483,875.38,0.0,0.0,1.0,0.0,875.38,875.38,MG-0008_P,False,57,ALLWARA
2026-04-01,0.0,0.22354886357619483,0.0,0.0,0.0,0.0,0.0,0.0,0.0,MG-0008_P,False,58,ALLWARA
2021-06-01,1.5214387123427964,0.023350693479508626,73.27,1.4980880188632877,0.0,1.0,18.51,54.75999999999999,71.77191198113671,MG-0058_P,True,0,ALLWARA
2021-07-01,0.0,0.023350693479508626,13.82,0.0,0.0,0.0,1.84,11.98,13.82,MG-0058_P,True,1,ALLWARA
2021-08-01,0.0,0.023350693479508626,12.18,0.0,0.0,0.0,1.58,10.6,12.18,MG-0058_P,True,2,ALLWARA
2021-09-01,0.0,0.023350693479508626,21.92,0.0,0.0,0.0,2.86,19.060000000000002,21.92,MG-0058_P,True,3,ALLWARA
2021-10-01,0.0,0.023350693479508626,26.61,0.0,0.0,0.0,3.51,23.1,26.61,MG-0058_P,True,4,ALLWARA
2021-11-01,0.05775577308952907,0.08103276256639091,94.58,7.370400264677463e-05,0.0,1.0,0.16,94.42,94.57992629599735,MG-0058_P,True,5,ALLWARA
2021-12-01,0.0538932118970648,0.13491583810821858,95.1,1.0136355237127255e-05,0.0,1.0,0.67,94.42999999999999,95.09998986364475,MG-0058_P,True,6,ALLWARA
2022-01-01,0.04969675791428405,0.18461120199105518,115.22,1.3940314474594327e-06,0.0,1.0,2.54,112.67999999999999,115.21999860596856,MG-0058_P,True,7,ALLWARA
2022-02-01,0.04793843309048321,0.23254944336334865,149.13,1.91718189728382e-07,0.0,1.0,5.34,143.79,149.1299998082818,MG-0058_P,True,8,ALLWARA
2022-03-01,0.047181676844665656,0.2797310938414181,135.26,2.6366596205353894e-08,0.0,1.0,7.59,127.66999999999999,135.2599999736334,MG-0058_P,True,9,ALLWARA
2022-04-01,0.04846859246879889,0.3281996826840749,133.57,3.6261420809423736e-09,0.0,1.0,10.09,123.47999999999999,133.56999999637384,MG-0058_P,True,10,ALLWARA
2022-05-01,0.04935611174206062,0.3775557939274399,134.25,4.986956332464019e-10,0.0,1.0,12.85,121.4,134.2499999995013,MG-0058_P,True,11,ALLWARA
2022-06-01,0.050894968254156146,0.4284507621130115,76.66,6.858455324353905e-11,0.0,1.0,22.1,54.559999999999995,76.65999999993142,MG-0058_P,True,12,ALLWARA
2022-07-01,0.05302711953093488,0.48147788163451405,103.91,9.432288213543891e-12,0.0,1.0,47.76,56.15,103.90999999999056,MG-0058_P,True,13,ALLWARA
2022-08-01,0.052878069553666404,0.5343559511868833,129.22,1.2972026022745892e-12,0.0,1.0,70.63,58.59,129.2199999999987,MG-0058_P,True,14,ALLWARA
2022-09-01,0.05799641082182517,0.59235236200853,106.47,1.784015239199027e-13,0.0,1.0,15.09,91.38,106.46999999999981,MG-0058_P,True,15,ALLWARA
2022-10-01,0.054568223902785574,0.6469205859112911,124.25,2.4535183387033103e-14,0.0,1.0,11.3,112.95,124.24999999999997,MG-0058_P,True,16,ALLWARA
2022-11-01,0.051693796468323665,0.6986143823796114,152.36,3.3742717584947043e-15,0.0,1.0,37.49,114.87,152.36,MG-0058_P,True,17,ALLWARA
2022-12-01,0.04976473601669932,0.7483791183963102,154.12,4.640564417461138e-16,0.0,1.0,41.82,112.30000000000001,154.12,MG-0058_P,True,18,ALLWARA
2023-01-01,0.04849933026909123,0.7968784486654014,152.85,6.382069866895762e-17,0.0,1.0,41.23,111.62,152.85,MG-0058_P,True,19,ALLWARA
2023-02-01,0.04788257243743223,0.8447610211028336,155.46,8.777125392911262e-18,0.0,1.0,41.53,113.93,155.46,MG-0058_P,True,20,ALLWARA
2023-03-01,0.04859120239222427,0.8933522234950578,191.52,1.2070994484483676e-18,0.0,1.0,29.91,161.61,191.52,MG-0058_P,True,21,ALLWARA
2023-04-01,0.048300725767084315,0.9416529492621422,237.2,1.660098281860201e-19,0.0,1.0,20.93,216.26999999999998,237.2,MG-0058_P,True,22,ALLWARA
2023-05-01,0.048920490923210116,0.9905734401853523,233.0,2.2830979742205343e-20,0.0,1.0,22.34,210.66,233.0,MG-0058_P,True,23,ALLWARA
2023-06-01,0.050728418720468856,1.0413018589058212,234.34,3.1398962440037396e-21,0.0,1.0,29.23,205.11,234.34,MG-0058_P,True,24,ALLWARA
2023-07-01,0.05196253699555086,1.093264395901372,240.35,4.318232740964481e-22,0.0,1.0,32.44,207.91,240.35,MG-0058_P,True,25,ALLWARA
2023-08-01,0.052622431776237086,1.145886827677609,275.5,5.938773945396461e-23,0.0,1.0,10.34,265.16,275.5,MG-0058_P,True,26,ALLWARA
2023-09-01,0.050940123607231935,1.196826951284841,287.51,8.167469909609938e-24,0.0,1.0,9.66,277.84999999999997,287.51,MG-0058_P,True,27,ALLWARA
2023-10-01,0.05172860338696591,1.248555554671807,291.3,1.1232548222532236e-24,0.0,1.0,10.01,281.29,291.3,MG-0058_P,True,28,ALLWARA
2023-11-01,0.05059886327674457,1.2991544179485517,290.14,1.5447885448963682e-25,0.0,1.0,10.06,280.08,290.14,MG-0058_P,True,29,ALLWARA
2023-12-01,0.049539384818546216,1.3486938027670978,279.52,2.1245149374529558e-26,0.0,1.0,116.44,163.07999999999998,279.52,MG-0058_P,True,30,ALLWARA
2024-01-01,0.04912365517123599,1.3978174579383338,270.04,2.9218003553771364e-27,0.0,1.0,129.31,140.73000000000002,270.04,MG-0058_P,True,31,ALLWARA
2024-02-01,0.04748147056529197,1.4452989285036257,288.37,4.018290088803387e-28,0.0,1.0,12.8,275.57,288.37,MG-0058_P,True,32,ALLWARA
2024-03-01,0.04609335850516159,1.4913922870087872,268.95,5.526269174435559e-29,0.0,1.0,13.22,255.73,268.95,MG-0058_P,True,33,ALLWARA
2024-04-01,0.04484021111005889,1.5362324981188462,270.44,7.600160842895025e-30,0.0,1.0,28.86,241.57999999999998,270.44,MG-0058_P,True,34,ALLWARA
2024-05-01,0.0438341272062429,1.580066625325089,280.39,1.045234008960024e-30,0.0,1.0,71.8,208.58999999999997,280.39,MG-0058_P,True,35,ALLWARA
2024-06-01,0.043617015294744585,1.6236836406198336,275.42,1.4374881743561722e-31,0.0,1.0,73.9,201.52,275.42,MG-0058_P,True,36,ALLWARA
2024-07-01,0.04271588347940161,1.6663995240992353,273.0,1.9769470125353252e-32,0.0,1.0,73.23,199.76999999999998,273.0,MG-0058_P,True,37,ALLWARA
2024-08-01,0.04268149308428061,1.709081017183516,232.88,2.7188533165657662e-33,0.0,1.0,59.42,173.45999999999998,232.88,MG-0058_P,True,38,ALLWARA
2024-09-01,0.04264545594627528,1.7517264731297912,175.28,3.7391813286490803e-34,0.0,1.0,31.96,143.32,175.28,MG-0058_P,True,39,ALLWARA
2024-10-01,0.04251687486532205,1.7942433479951132,176.57,5.142416813488843e-35,0.0,1.0,32.3,144.26999999999998,176.57,MG-0058_P,True,40,ALLWARA
2024-11-01,0.04233161938129152,1.8365749673764047,172.35,7.072256828263309e-36,0.0,1.0,31.59,140.76,172.35,MG-0058_P,True,41,ALLWARA
2024-12-01,0.0421881432979163,1.878763110674321,216.04,9.72632488944111e-37,0.0,1.0,41.9,174.14,216.04,MG-0058_P,True,42,ALLWARA
2025-01-01,0.04210881900751357,1.9208719296818346,247.98,1.33764084297533e-37,0.0,1.0,48.24,199.73999999999998,247.98,MG-0058_P,True,43,ALLWARA
2025-02-01,0.04210067948406304,1.9629726091658977,256.4,1.8396290943747882e-38,0.0,1.0,49.17,207.22999999999996,256.4,MG-0058_P,True,44,ALLWARA
2025-03-01,0.04212769631651362,2.0051003054824115,255.85,2.5300028947550752e-39,0.0,1.0,47.84,208.01,255.85,MG-0058_P,True,45,ALLWARA
2025-04-01,0.04226379506361701,2.0473641005460284,264.2,3.479459347018241e-40,0.0,1.0,48.46,215.73999999999998,264.2,MG-0058_P,True,46,ALLWARA
2025-05-01,0.04230683405334508,2.0896709345993734,265.91,4.78522667806063e-41,0.0,1.0,48.06,217.85000000000002,265.91,MG-0058_P,True,47,ALLWARA
2025-06-01,0.042435271636862164,2.1321062062362355,230.58,6.581020807168271e-42,0.0,1.0,39.86,190.72000000000003,230.58,MG-0058_P,True,48,ALLWARA
2025-07-01,0.04243684208700905,2.1745430483232444,152.59,9.050738403459385e-43,0.0,1.0,23.5,129.09,152.59,MG-0058_P,True,49,ALLWARA
2025-08-01,0.04245999180451234,2.2170030401277567,148.85,1.2447288657502649e-43,0.0,1.0,23.42,125.42999999999999,148.85,MG-0058_P,True,50,ALLWARA
2025-09-01,0.04254126237411699,2.2595443025018738,155.07,1.7118492217604547e-44,0.0,1.0,24.53,130.54,155.07,MG-0058_P,True,51,ALLWARA
2025-10-01,0.042751066825456166,2.30229536932733,156.67,2.3542699447847605e-45,0.0,1.0,23.98,132.69,156.67,MG-0058_P,True,52,ALLWARA
2025-11-01,0.04311246630262464,2.345407835629955,158.01,3.2377775463290393e-46,0.0,1.0,55.45,102.55999999999999,158.01,MG-0058_P,True,53,ALLWARA
2025-12-01,0.0434360921450516,2.388843927775006,280.72,4.4528468210432525e-47,0.0,1.0,131.7,149.02000000000004,280.72,MG-0058_P,True,54,ALLWARA
2026-01-01,0.043677680831452334,2.4325216086064585,276.85,6.123905836012611e-48,0.0,1.0,100.97,175.88000000000002,276.85,MG-0058_P,True,55,ALLWARA
2026-02-01,0.04391335257422684,2.4764349611806855,128.98,8.422077874118961e-49,0.0,1.0,26.8,102.17999999999999,128.98,MG-0058_P,False,56,ALLWARA
2026-03-01,0.038180330636817895,2.5146152918175035,131.21,1.1582705158626163e-49,0.0,1.0,27.49,103.72000000000001,131.21,MG-0058_P,False,57,ALLWARA
2026-04-01,0.0,2.5146152918175035,0.0,0.0,0.0,0.0,0.0,0.0,0.0,MG-0058_P,False,58,ALLWARA
2021-06-01,576.9247334992476,0.00818674183538648,648.78,576.9165467574122,0.0,1.0,85.88,562.9,71.86345324258775,MG-0068_P,True,0,ALLWARA
2021-07-01,553.9689002406687,0.024936949453703436,527.79,553.9521500330504,0.0,1.0,38.94,488.84999999999997,-26.162150033050466,MG-0068_P,True,1,ALLWARA
2021-08-01,531.925723727019,0.04880025839738019,420.1,531.9018604180753,0.0,1.0,50.35,369.75,-111.80186041807531,MG-0068_P,True,2,ALLWARA
2021-09-01,510.7592547598615,0.07876350936245498,523.52,510.72929150889644,0.0,1.0,23.17,500.34999999999997,12.790708491103544,MG-0068_P,True,3,ALLWARA
2021-10-01,490.4345787934474,0.11383702536010784,499.76,490.3995052774497,0.0,1.0,34.69,465.07,9.3604947225503,MG-0068_P,True,4,ALLWARA
2021-11-01,470.91773418566567,0.1526167930014556,450.03,470.8789544180243,0.0,1.0,33.14,416.89,-20.848954418024334,MG-0068_P,True,5,ALLWARA
2021-12-01,452.1736658978067,0.1908557018128261,396.31,452.13542698899533,0.0,1.0,34.1,362.21,-55.82542698899533,MG-0068_P,True,6,ALLWARA
2022-01-01,434.1812273675722,0.23408981126866374,399.99,434.13799325811635,0.0,1.0,32.32,367.67,-34.147993258116344,MG-0068_P,True,7,ALLWARA
2022-02-01,416.90246500730643,0.27960015491925166,411.58,416.85695466365587,0.0,1.0,33.16,378.41999999999996,-5.276954663655886,MG-0068_P,True,8,ALLWARA
2022-03-01,400.31084974447293,0.32665509223611466,375.8,400.26379480715605,0.0,1.0,34.13,341.67,-24.463794807156034,MG-0068_P,True,9,ALLWARA
2022-04-01,384.3815203092798,0.3770430045700145,373.58,384.33113239694586,0.0,1.0,28.22,345.36,-10.751132396945877,MG-0068_P,True,10,ALLWARA
2022-05-01,369.0839489682074,0.42831590802259856,399.0,369.0326760647548,0.0,1.0,33.09,365.90999999999997,29.96732393524519,MG-0068_P,True,11,ALLWARA
2022-06-01,354.39516987439123,0.4803048015422911,402.01,354.3431809808715,0.0,1.0,39.77,362.24,47.66681901912847,MG-0068_P,True,12,ALLWARA
2022-07-01,340.2908645848614,0.5327621901515849,406.08,340.2384071962521,0.0,1.0,54.5,351.58,65.84159280374786,MG-0068_P,True,13,ALLWARA
2022-08-01,326.74614545317274,0.5838280004856162,403.01,326.6950796428387,0.0,1.0,38.25,364.76,76.31492035716127,MG-0068_P,True,14,ALLWARA
2022-09-01,313.7405398129575,0.6335180873618096,372.24,313.6908497260813,0.0,1.0,13.01,359.23,58.54915027391871,MG-0068_P,True,15,ALLWARA
2022-10-01,301.2526563968329,0.6819160379107596,404.34,301.2042584462839,0.0,1.0,12.07,392.27,103.13574155371606,MG-0068_P,True,16,ALLWARA
2022-11-01,289.26257561839213,0.7297906683808353,440.29,289.2147009879221,0.0,1.0,37.07,403.22,151.07529901207795,MG-0068_P,True,17,ALLWARA
2022-12-01,277.75040408805296,0.7778020379382626,422.8,277.70239271849556,0.0,1.0,117.48,305.32,145.09760728150445,MG-0068_P,True,18,ALLWARA
2023-01-01,0.0,0.7778020379382626,0.0,0.0,0.0,0.0,0.0,0.0,0.0,MG-0068_P,True,19,ALLWARA
2023-02-01,0.0,0.7778020379382626,0.0,0.0,0.0,0.0,0.0,0.0,0.0,MG-0068_P,True,20,ALLWARA
2023-03-01,0.0,0.7778020379382626,0.0,0.0,0.0,0.0,0.0,0.0,0.0,MG-0068_P,True,21,ALLWARA
2023-04-01,0.0,0.7778020379382626,0.0,0.0,0.0,0.0,0.0,0.0,0.0,MG-0068_P,True,22,ALLWARA
2023-05-01,0.0,0.7778020379382626,0.0,0.0,0.0,0.0,0.0,0.0,0.0,MG-0068_P,True,23,ALLWARA
2023-06-01,0.0,0.7778020379382626,0.0,0.0,0.0,0.0,0.0,0.0,0.0,MG-0068_P,True,24,ALLWARA
2023-07-01,0.0,0.7778020379382626,0.0,0.0,0.0,0.0,0.0,0.0,0.0,MG-0068_P,True,25,ALLWARA
2023-08-01,200.6832498308242,0.8043461769433992,205.48,200.65670569181907,0.0,1.0,137.55,67.92999999999998,4.82329430818092,MG-0068_P,True,26,ALLWARA
2023-09-01,192.69559725081706,0.8304591474431503,216.74,192.6694842803173,0.0,1.0,68.02,148.72000000000003,24.070515719682703,MG-0068_P,True,27,ALLWARA
2023-10-01,185.02664859550924,0.8569102920036732,234.82,185.00019745094872,0.0,1.0,15.32,219.5,49.819802549051275,MG-0068_P,True,28,ALLWARA
2023-11-01,0.0,0.8569102920036732,0.0,0.0,0.0,0.0,0.0,0.0,0.0,MG-0068_P,True,29,ALLWARA
2023-12-01,0.0,0.8569102920036732,0.0,0.0,0.0,0.0,0.0,0.0,0.0,MG-0068_P,True,30,ALLWARA
2024-01-01,0.0,0.8569102920036732,0.0,0.0,0.0,0.0,0.0,0.0,0.0,MG-0068_P,True,31,ALLWARA
2024-02-01,0.0,0.8569102920036732,0.0,0.0,0.0,0.0,0.0,0.0,0.0,MG-0068_P,True,32,ALLWARA
2024-03-01,0.0,0.8569102920036732,0.0,0.0,0.0,0.0,0.0,0.0,0.0,MG-0068_P,True,33,ALLWARA
2024-04-01,0.0,0.8569102920036732,0.0,0.0,0.0,0.0,0.0,0.0,0.0,MG-0068_P,True,34,ALLWARA
2024-05-01,0.0,0.8569102920036732,0.0,0.0,0.0,0.0,0.0,0.0,0.0,MG-0068_P,True,35,ALLWARA
2024-06-01,0.0,0.8569102920036732,0.0,0.0,0.0,0.0,0.0,0.0,0.0,MG-0068_P,True,36,ALLWARA
2024-07-01,0.0,0.8569102920036732,0.0,0.0,0.0,0.0,0.0,0.0,0.0,MG-0068_P,True,37,ALLWARA
2024-08-01,0.0,0.8569102920036732,0.0,0.0,0.0,0.0,0.0,0.0,0.0,MG-0068_P,True,38,ALLWARA
2024-09-01,0.0,0.8569102920036732,0.0,0.0,0.0,0.0,0.0,0.0,0.0,MG-0068_P,True,39,ALLWARA
2024-10-01,0.0,0.8569102920036732,0.0,0.0,0.0,0.0,0.0,0.0,0.0,MG-0068_P,True,40,ALLWARA
2024-11-01,0.0,0.8569102920036732,0.0,0.0,0.0,0.0,0.0,0.0,0.0,MG-0068_P,True,41,ALLWARA
2024-12-01,0.0,0.8569102920036732,0.0,0.0,0.0,0.0,0.0,0.0,0.0,MG-0068_P,True,42,ALLWARA
2025-01-01,0.0,0.8569102920036732,0.0,0.0,0.0,0.0,0.0,0.0,0.0,MG-0068_P,True,43,ALLWARA
2025-02-01,0.0,0.8569102920036732,0.0,0.0,0.0,0.0,0.0,0.0,0.0,MG-0068_P,True,44,ALLWARA
2025-03-01,0.0,0.8569102920036732,0.0,0.0,0.0,0.0,0.0,0.0,0.0,MG-0068_P,True,45,ALLWARA
2025-04-01,0.0,0.8569102920036732,0.0,0.0,0.0,0.0,0.0,0.0,0.0,MG-0068_P,True,46,ALLWARA
2025-05-01,0.0,0.8569102920036732,0.0,0.0,0.0,0.0,0.0,0.0,0.0,MG-0068_P,True,47,ALLWARA
2025-06-01,0.0,0.8569102920036732,0.0,0.0,0.0,0.0,0.0,0.0,0.0,MG-0068_P,True,48,ALLWARA
2025-07-01,0.0,0.8569102920036732,0.0,0.0,0.0,0.0,0.0,0.0,0.0,MG-0068_P,True,49,ALLWARA
2025-08-01,0.0,0.8569102920036732,0.0,0.0,0.0,0.0,0.0,0.0,0.0,MG-0068_P,True,50,ALLWARA
2025-09-01,0.0,0.8569102920036732,0.0,0.0,0.0,0.0,0.0,0.0,0.0,MG-0068_P,True,51,ALLWARA
2025-10-01,0.0,0.8569102920036732,0.0,0.0,0.0,0.0,0.0,0.0,0.0,MG-0068_P,True,52,ALLWARA
2025-11-01,0.0,0.8569102920036732,0.0,0.0,0.0,0.0,0.0,0.0,0.0,MG-0068_P,True,53,ALLWARA
2025-12-01,0.0,0.8569102920036732,0.0,0.0,0.0,0.0,0.0,0.0,0.0,MG-0068_P,True,54,ALLWARA
2026-01-01,0.0,0.8569102920036732,0.0,0.0,0.0,0.0,0.0,0.0,0.0,MG-0068_P,True,55,ALLWARA
2026-02-01,0.0,0.8569102920036732,0.0,0.0,0.0,0.0,0.0,0.0,0.0,MG-0068_P,False,56,ALLWARA
2026-03-01,0.0,0.8569102920036732,0.0,0.0,0.0,0.0,0.0,0.0,0.0,MG-0068_P,False,57,ALLWARA
2026-04-01,0.0,0.8569102920036732,0.0,0.0,0.0,0.0,0.0,0.0,0.0,MG-0068_P,False,58,ALLWARA
2021-06-01,3201.504806682641,708.6929466891005,1934.55,2492.8118599935406,0.0,1.0,1269.68,664.8699999999999,-558.2618599935406,MG-0109_P,True,0,ALLWARA
2021-07-01,3046.286856535286,1311.528925255373,2286.13,2443.4508779690136,0.0,1.0,1567.29,718.8400000000001,-157.3208779690135,MG-0109_P,True,1,ALLWARA
2021-08-01,3005.3557521014436,1921.8173684813628,4453.72,2395.067308875454,0.0,1.0,2929.42,1524.3000000000002,2058.6526911245464,MG-0109_P,True,2,ALLWARA
2021-09-01,3054.5807996313456,2628.756369472608,2722.57,2347.6417986401,0.0,1.0,1651.8,1070.7700000000002,374.92820135989996,MG-0109_P,True,3,ALLWARA
2021-10-01,3005.716606195345,3333.317599241442,2129.53,2301.155376426511,0.0,1.0,1290.11,839.4200000000003,-171.62537642651068,MG-0109_P,True,4,ALLWARA
2021-11-01,2814.145944366655,3891.874096562124,2144.37,2255.589447045973,0.0,1.0,1426.12,718.25,-111.21944704597308,MG-0109_P,True,5,ALLWARA
2021-12-01,2553.519805431176,4234.468118474119,2101.25,2210.925783519181,0.0,1.0,1400.83,700.4200000000001,-109.6757835191811,MG-0109_P,True,6,ALLWARA
2022-01-01,2393.187742335829,4460.509341024749,2059.6,2167.1465197851994,0.0,1.0,1240.05,819.55,-107.54651978519951,MG-0109_P,True,7,ALLWARA
2022-02-01,2354.498172638274,4690.773370108218,2103.43,2124.2341435548046,0.0,1.0,1203.3,900.1299999999999,-20.804143554804796,MG-0109_P,True,8,ALLWARA
2022-03-01,2354.0498576096907,4962.651738412577,4712.21,2082.171489305331,0.0,1.0,1687.86,3024.3500000000004,2630.038510694669,MG-0109_P,True,9,ALLWARA
2022-04-01,2410.8562621456617,5332.566269144003,4342.34,2040.9417314142363,0.0,1.0,1986.14,2356.2,2301.3982685857636,MG-0109_P,True,10,ALLWARA
2022-05-01,2401.032153668729,5733.0700453841055,4735.94,2000.5283774286263,0.0,1.0,2717.4,2018.5399999999995,2735.4116225713733,MG-0109_P,True,11,ALLWARA
2022-06-01,2368.2462524980733,6140.401036414123,4652.44,1960.9152614680556,0.0,1.0,2463.8,2188.6399999999994,2691.524738531944,MG-0109_P,True,12,ALLWARA
2022-07-01,2356.2331738284843,6574.54767248465,4951.7,1922.086537757957,0.0,1.0,2754.63,2197.0699999999997,3029.6134622420427,MG-0109_P,True,13,ALLWARA
2022-08-01,2276.195837165785,6966.716835359311,4834.14,1884.0266742911244,0.0,1.0,2453.24,2380.9000000000005,2950.113325708876,MG-0109_P,True,14,ALLWARA
2022-09-01,2389.6787782738375,7509.675167018449,1924.79,1846.7204466146982,0.0,1.0,490.27,1434.52,78.06955338530179,MG-0109_P,True,15,ALLWARA
2022-10-01,2169.5398656494394,7869.062100927703,1606.21,1810.152931740186,0.0,1.0,295.74,1310.47,-203.94293174018594,MG-0109_P,True,16,ALLWARA
2022-11-01,2066.5321958010086,8161.284794554647,2250.76,1774.3095021740637,0.0,1.0,1151.48,1099.2800000000002,476.4504978259365,MG-0109_P,True,17,ALLWARA
2022-12-01,2022.4119108209077,8444.520885308968,2354.04,1739.1758200665868,0.0,1.0,1312.19,1041.85,614.8641799334132,MG-0109_P,True,18,ALLWARA
2023-01-01,1994.9701489187546,8734.753202751266,2329.02,1704.7378314764567,0.0,1.0,1293.53,1035.49,624.2821685235433,MG-0109_P,True,19,ALLWARA
2023-02-01,1977.047485921516,9040.818927923725,2359.85,1670.9817607490577,0.0,1.0,1302.94,1056.9099999999999,688.8682392509422,MG-0109_P,True,20,ALLWARA
2023-03-01,1988.6384689791037,9391.563291896817,2366.4,1637.8941050060125,0.0,1.0,1279.3,1087.1000000000001,728.5058949939876,MG-0109_P,True,21,ALLWARA
2023-04-01,1939.304886293698,9725.406549446667,2289.0,1605.4616287438487,0.0,1.0,1228.22,1060.78,683.5383712561513,MG-0109_P,True,22,ALLWARA
2023-05-01,1932.9540651938557,10084.689256100899,2092.28,1573.6713585396228,0.0,1.0,1265.01,827.2700000000002,518.6086414603774,MG-0109_P,True,23,ALLWARA
2023-06-01,1952.0120927082494,10494.190770947771,2050.17,1542.5105778613777,0.0,1.0,1218.43,831.74,507.6594221386224,MG-0109_P,True,24,ALLWARA
2023-07-01,1930.6327916960745,10912.856740662486,2096.12,1511.9668219813589,0.0,1.0,1109.13,986.9899999999998,584.153178018641,MG-0109_P,True,25,ALLWARA
2023-08-01,1893.3032779543134,11324.13214562684,2041.99,1482.0278729899592,0.0,1.0,977.84,1064.15,559.9621270100408,MG-0109_P,True,26,ALLWARA
2023-09-01,1791.319861623039,11662.770252341488,2028.71,1452.6817549083903,0.0,1.0,913.47,1115.24,576.0282450916097,MG-0109_P,True,27,ALLWARA
2023-10-01,1803.1785736244958,12042.032097067851,2076.25,1423.9167288981334,0.0,1.0,947.09,1129.1599999999999,652.3332711018666,MG-0109_P,True,28,ALLWARA
2023-11-01,1735.4819955248402,12381.792804027446,2037.16,1395.721288565245,0.0,1.0,1164.27,872.8900000000001,641.4387114347551,MG-0109_P,True,29,ALLWARA
2023-12-01,1689.878781080783,12703.58742975058,2085.87,1368.0841553576481,0.0,1.0,1404.89,680.9799999999998,717.7858446423518,MG-0109_P,True,30,ALLWARA
2024-01-01,1673.0606861848387,13035.653841881858,2237.8,1340.9942740535598,0.0,1.0,1274.7,963.1000000000001,896.8057259464404,MG-0109_P,True,31,ALLWARA
2024-02-01,1611.4015828590977,13332.614616401701,2293.51,1314.4408083392543,0.0,1.0,1261.09,1032.4200000000003,979.0691916607459,MG-0109_P,True,32,ALLWARA
2024-03-01,1572.140030033991,13616.341509961296,2260.11,1288.4131364743962,0.0,1.0,1302.06,958.0500000000002,971.6968635256039,MG-0109_P,True,33,ALLWARA
2024-04-01,1541.7687201826288,13895.209383100726,2293.7,1262.9008470431988,0.0,1.0,1194.84,1098.86,1030.799152956801,MG-0109_P,True,34,ALLWARA
2024-05-01,1515.3064696882207,14172.622117999226,2370.87,1237.893734789721,0.0,1.0,1097.02,1273.85,1132.9762652102788,MG-0109_P,True,35,ALLWARA
2024-06-01,1508.316198313009,14467.556519776606,2174.69,1213.3817965356288,0.0,1.0,1166.76,1007.9300000000001,961.3082034643712,MG-0109_P,True,36,ALLWARA
2024-07-01,1470.7548468884952,14748.95613948631,2154.91,1189.3552271787908,0.0,1.0,1155.93,998.9799999999998,965.5547728212091,MG-0109_P,True,37,ALLWARA
2024-08-01,1464.5098041422632,15047.661527857468,2164.86,1165.8044157711051,0.0,1.0,1200.5,964.3600000000001,999.055584228895,MG-0109_P,True,38,ALLWARA
2024-09-01,1447.34506450156,15352.286650685033,2139.84,1142.7199416739943,0.0,1.0,1172.9,966.94,997.1200583260058,MG-0109_P,True,39,ALLWARA
2024-10-01,1426.6598840748031,15658.853963969814,2154.16,1120.0925707900221,0.0,1.0,1435.06,719.0999999999999,1034.0674292099777,MG-0109_P,True,40,ALLWARA
2024-11-01,1406.0502973653847,15966.991009466066,2142.93,1097.9132518691326,0.0,1.0,1284.12,858.81,1045.0167481308672,MG-0109_P,True,41,ALLWARA
2024-12-01,1385.5625208905099,16276.380417468547,2161.34,1076.1731128880292,0.0,1.0,1329.02,832.3200000000002,1085.166887111971,MG-0109_P,True,42,ALLWARA
2025-01-01,1366.0304176008406,16587.54737756814,2127.78,1054.8634575012472,0.0,1.0,1335.3,792.4800000000002,1072.916542498753,MG-0109_P,True,43,ALLWARA
2025-02-01,1347.6715108180097,16901.243126823647,2183.14,1033.9757615624994,0.0,1.0,1361.01,822.1299999999999,1149.1642384375004,MG-0109_P,True,44,ALLWARA
2025-03-01,1329.3123255673017,17217.053782676045,2149.31,1013.5016697149038,0.0,1.0,1324.07,825.24,1135.8083302850962,MG-0109_P,True,45,ALLWARA
2025-04-01,1313.8452118019356,17537.46600242925,2382.23,993.4329920487301,0.0,1.0,1481.91,900.3199999999999,1388.79700795127,MG-0109_P,True,46,ALLWARA
2025-05-01,1293.568377304876,17857.2726789088,2471.52,973.7617008253254,0.0,1.0,1539.8,931.72,1497.7582991746744,MG-0109_P,True,47,ALLWARA
2025-06-01,1276.7070730822677,18179.499824725157,2455.21,954.4799272659136,0.0,1.0,1642.25,812.96,1500.7300727340864,MG-0109_P,True,48,ALLWARA
2025-07-01,2065.3627584571623,19309.28262477834,2490.33,935.579958403977,0.0,1.0,1724.29,766.04,1554.750041596023,MG-0109_P,True,49,ALLWARA
2025-08-01,1694.2005180076249,20086.428908785998,2353.93,917.0542339999674,0.0,1.0,1340.77,1013.1599999999999,1436.8757660000324,MG-0109_P,True,50,ALLWARA
2025-09-01,1673.2542502290926,20860.78781549798,2039.05,898.8953435171107,0.0,1.0,1285.81,753.24,1140.154656482889,MG-0109_P,True,51,ALLWARA
2025-10-01,1709.7163018186675,21689.408094159557,2020.89,881.096023157092,0.0,1.0,1268.62,752.2700000000002,1139.7939768429083,MG-0109_P,True,52,ALLWARA
2025-11-01,1755.8988859461624,22581.65782715128,2072.21,863.6491529544396,0.0,1.0,1275.23,796.98,1208.5608470455604,MG-0109_P,True,53,ALLWARA
2025-12-01,1825.802545416454,23560.91261863929,2073.09,846.5477539284449,0.0,1.0,1288.21,784.8800000000001,1226.5422460715554,MG-0109_P,True,54,ALLWARA
2026-01-01,1633.7950072430694,24364.922640590885,1967.45,829.7849852914752,0.0,1.0,1226.94,740.51,1137.6650147085247,MG-0109_P,True,55,ALLWARA
2026-02-01,2597.756126434495,26149.32462531281,1992.25,813.3541417125695,0.0,1.0,1291.59,700.6600000000001,1178.8958582874307,MG-0109_P,False,56,ALLWARA
2026-03-01,1866.5248155178042,27218.6007901954,2030.43,797.2486506352153,0.0,1.0,1347.77,682.6600000000001,1233.1813493647846,MG-0109_P,False,57,ALLWARA
2026-04-01,0.0,27218.6007901954,0.0,0.0,0.0,0.0,0.0,0.0,0.0,MG-0109_P,False,58,ALLWARA
2021-06-01,665.8805965276737,212.53977523173418,858.33,453.34082129593946,0.0,1.0,74.04,784.2900000000001,404.9891787040606,MG-0278_P,True,0,ALLWARA
2021-07-01,654.0297942773457,647.7230295609846,818.55,218.84653994809528,0.0,1.0,69.52,749.03,599.7034600519047,MG-0278_P,True,1,ALLWARA
2021-08-01,726.1081485793881,1268.1848171743736,655.88,105.646360965999,0.0,1.0,57.27,598.61,550.233639034001,MG-0278_P,True,2,ALLWARA
2021-09-01,830.6241641079706,2047.8090724512276,761.46,50.9999088311165,0.0,1.0,72.22,689.24,710.4600911688835,MG-0278_P,True,3,ALLWARA
2021-10-01,937.8313423963775,2961.020629774087,803.3,24.61978507351798,0.0,1.0,53.81,749.49,778.680214926482,MG-0278_P,True,4,ALLWARA
2021-11-01,1022.2946582287092,3971.4302899516547,786.75,11.884998051141604,0.0,1.0,54.21,732.54,774.8650019488584,MG-0278_P,True,5,ALLWARA
2021-12-01,1003.0801625483358,4968.773067780594,736.47,5.7373847193969665,0.0,1.0,121.91,614.5600000000001,730.7326152806031,MG-0278_P,True,6,ALLWARA
2022-01-01,1130.5987754439464,6096.602168103289,736.16,2.7696751212515314,0.0,1.0,119.08,617.0799999999999,733.3903248787484,MG-0278_P,True,7,ALLWARA
2022-02-01,1189.138075200419,7284.403205497729,756.01,1.3370378059789507,0.0,1.0,118.99,637.02,754.672962194021,MG-0278_P,True,8,ALLWARA
2022-03-01,1229.3791560763932,8513.136917608186,608.59,0.6454439659367757,0.0,1.0,124.59,484.0,607.9445560340632,MG-0278_P,True,9,ALLWARA
2022-04-01,1316.340132401945,9829.165467262583,510.7,0.3115827475492879,0.0,1.0,109.21,401.49,510.3884172524507,MG-0278_P,True,10,ALLWARA
2022-05-01,1339.9346404301618,11168.949693692934,555.22,0.15041399981090423,0.0,1.0,120.18,435.04,555.0695860001891,MG-0278_P,True,11,ALLWARA
2022-06-01,1359.1402133758181,12528.017295951746,503.81,0.07261111700523729,0.0,1.0,121.24,382.57,503.73738888299476,MG-0278_P,True,12,ALLWARA
2022-07-01,1371.8822528907642,13899.864496425052,260.27,0.03505241745699551,0.0,1.0,87.67,172.59999999999997,260.234947582543,MG-0278_P,True,13,ALLWARA
2022-08-01,1336.2773183514514,15236.124893511273,363.45,0.016921265231202333,0.0,1.0,124.31,239.14,363.4330787347688,MG-0278_P,True,14,ALLWARA
2022-09-01,1300.9554130032977,16537.072137913434,526.33,0.008168601135028214,0.0,1.0,59.75,466.58000000000004,526.321831398865,MG-0278_P,True,15,ALLWARA
2022-10-01,1267.691921754402,17804.760116343055,564.72,0.00394332478047465,0.0,1.0,55.41,509.31000000000006,564.7160566752195,MG-0278_P,True,16,ALLWARA
2022-11-01,1254.2951856870225,19059.053398422584,641.69,0.0019036074925516276,0.0,1.0,350.79,290.90000000000003,641.6880963925075,MG-0278_P,True,17,ALLWARA
2022-12-01,1257.9855398480904,20317.03801931987,670.05,0.0009189508060917373,0.0,1.0,421.57,248.47999999999996,670.0490810491939,MG-0278_P,True,18,ALLWARA
2023-01-01,1199.9603328521725,21516.997908556124,683.28,0.00044361591731534403,0.0,1.0,379.49,303.78999999999996,683.2795563840826,MG-0278_P,True,19,ALLWARA
2023-02-01,1110.2699171740105,22627.267611578212,1035.43,0.0002141519228134704,0.0,1.0,679.24,356.19000000000005,1035.4297858480772,MG-0278_P,True,20,ALLWARA
2023-03-01,1017.3145273496274,23644.582035547766,765.1,0.00010338007329008056,0.0,1.0,494.8,270.3,765.0998966199268,MG-0278_P,True,21,ALLWARA
2023-04-01,935.4842397741048,24580.066225415994,716.12,4.990587715979264e-05,0.0,1.0,388.33,327.79,716.1199500941228,MG-0278_P,True,22,ALLWARA
2023-05-01,0.0,24580.066225415994,0.0,0.0,0.0,0.0,0.0,0.0,0.0,MG-0278_P,True,23,ALLWARA
2023-06-01,0.0,24580.066225415994,0.0,0.0,0.0,0.0,0.0,0.0,0.0,MG-0278_P,True,24,ALLWARA
2023-07-01,707.0189327250944,25287.08515252678,2778.32,5.614308409312271e-06,0.0,1.0,2165.44,612.8800000000001,2778.3199943856916,MG-0278_P,True,25,ALLWARA
2023-08-01,698.7021552432395,25985.78730505976,2832.98,2.710261048336994e-06,0.0,1.0,2347.17,485.80999999999995,2832.979997289739,MG-0278_P,True,26,ALLWARA
2023-09-01,687.0866332768265,26672.87393702823,2720.72,1.3083561526383099e-06,0.0,1.0,2168.76,551.9599999999996,2720.7199986916435,MG-0278_P,True,27,ALLWARA
2023-10-01,695.4920836360028,27368.366020032634,2806.84,6.31598134503272e-07,0.0,1.0,2248.11,558.73,2806.839999368402,MG-0278_P,True,28,ALLWARA
2023-11-01,684.9328852939065,28053.298905021642,2815.8,3.0489878669779297e-07,0.0,1.0,2259.38,556.4200000000001,2815.799999695101,MG-0278_P,True,29,ALLWARA
2023-12-01,674.1372507060049,28727.43615558046,2944.23,1.4718737287420588e-07,0.0,1.0,2382.5,561.73,2944.229999852813,MG-0278_P,True,30,ALLWARA
2024-01-01,662.656055157317,29390.092210666724,2870.94,7.105348948168644e-08,0.0,1.0,2302.1,568.8400000000001,2870.9399999289467,MG-0278_P,True,31,ALLWARA
2024-02-01,646.709637949717,30036.80184858214,2810.89,3.430048562548167e-08,0.0,1.0,2217.72,593.1700000000001,2810.889999965699,MG-0278_P,True,32,ALLWARA
2024-03-01,634.1239417150596,30670.925790280642,1102.55,1.6558276345416072e-08,0.0,1.0,217.21,885.3399999999999,1102.5499999834417,MG-0278_P,True,33,ALLWARA
2024-04-01,622.8578600680868,31293.783650340734,1428.34,7.993371246250843e-09,0.0,1.0,584.32,844.0199999999999,1428.3399999920066,MG-0278_P,True,34,ALLWARA
2024-05-01,613.5503502030786,31907.334000539955,1360.29,3.858733997882435e-09,0.0,1.0,506.86,853.43,1360.2899999961412,MG-0278_P,True,35,ALLWARA
2024-06-01,612.5277741704267,32519.86177470852,1329.04,1.8627719904036283e-09,0.0,1.0,556.4,772.64,1329.039999998137,MG-0278_P,True,36,ALLWARA
2024-07-01,605.0869213786968,33124.948696086314,1326.26,8.992378044551632e-10,0.0,1.0,497.43,828.8299999999999,1326.2599999991007,MG-0278_P,True,37,ALLWARA
2024-08-01,606.745848279854,33731.69454436573,1598.02,4.3409962847150417e-10,0.0,1.0,779.01,819.01,1598.019999999566,MG-0278_P,True,38,ALLWARA
2024-09-01,608.5255460180604,34340.220090383584,1613.72,2.095580129143631e-10,0.0,1.0,792.79,820.9300000000001,1613.7199999997904,MG-0278_P,True,39,ALLWARA
2024-10-01,670.2861655948075,35010.50625597829,1627.78,1.011624012009471e-10,0.0,1.0,801.43,826.35,1627.7799999998988,MG-0278_P,True,40,ALLWARA
2024-11-01,792.4482821327703,35802.95453811101,1576.79,4.883531426175267e-11,0.0,1.0,899.86,676.93,1576.789999999951,MG-0278_P,True,41,ALLWARA
2024-12-01,895.0957149501251,36698.05025306111,1628.66,2.3574844910085268e-11,0.0,1.0,822.94,805.72,1628.6599999999764,MG-0278_P,True,42,ALLWARA
2025-01-01,980.5661990101769,37678.61645207128,1643.46,1.138056181139081e-11,0.0,1.0,725.57,917.89,1643.4599999999887,MG-0278_P,True,43,ALLWARA
2025-02-01,1057.783100601784,38736.39955267306,1691.67,5.493872287892788e-12,0.0,1.0,739.5,952.1700000000001,1691.6699999999946,MG-0278_P,True,44,ALLWARA
2025-03-01,1122.5751197010488,39858.974672374105,1675.41,2.6521215047104534e-12,0.0,1.0,719.52,955.8900000000001,1675.4099999999974,MG-0278_P,True,45,ALLWARA
2025-04-01,1177.9622735831297,41036.93694595723,1680.05,1.280289767792451e-12,0.0,1.0,756.06,923.99,1680.0499999999986,MG-0278_P,True,46,ALLWARA
2025-05-01,1225.5502392361286,42262.487185193364,1672.19,6.180493188576645e-13,0.0,1.0,756.66,915.5300000000001,1672.1899999999994,MG-0278_P,True,47,ALLWARA
2025-06-01,1268.531920605777,43531.01910579914,1676.72,2.9835820776655955e-13,0.0,1.0,757.15,919.57,1676.7199999999998,MG-0278_P,True,48,ALLWARA
2025-07-01,1302.296252463759,44833.3153582629,1689.27,1.440299623761483e-13,0.0,1.0,730.31,958.96,1689.2699999999998,MG-0278_P,True,49,ALLWARA
2025-08-01,1332.5100020512557,46165.82536031416,1666.02,6.952927562262939e-14,0.0,1.0,739.78,926.24,1666.02,MG-0278_P,True,50,ALLWARA
2025-09-01,1341.0905351837152,47506.91589549787,1740.62,3.3564683964731115e-14,0.0,1.0,828.27,912.3499999999999,1740.62,MG-0278_P,True,51,ALLWARA
2025-10-01,1375.8716368150067,48882.787532312876,1736.87,1.6203074166439502e-14,0.0,1.0,809.52,927.3499999999999,1736.87,MG-0278_P,True,52,ALLWARA
2025-11-01,1406.0888935408009,50288.876425853676,1796.47,7.821900325920267e-15,0.0,1.0,812.73,983.74,1796.47,MG-0278_P,True,53,ALLWARA
2025-12-01,1432.6065749706497,51721.48300082432,1800.29,3.7759578262842335e-15,0.0,1.0,763.37,1036.92,1800.29,MG-0278_P,True,54,ALLWARA
2026-01-01,1454.237756287448,53175.72075711177,1706.82,1.8228124767365515e-15,0.0,1.0,718.56,988.26,1706.82,MG-0278_P,True,55,ALLWARA
2026-02-01,1473.6450476006894,54649.365804712455,1745.75,8.799476790280107e-16,0.0,1.0,715.8,1029.95,1745.75,MG-0278_P,False,56,ALLWARA
2026-03-01,1316.0050323743455,55965.370837086804,1761.75,4.247874796276628e-16,0.0,1.0,842.56,919.19,1761.75,MG-0278_P,False,57,ALLWARA
2026-04-01,0.0,55965.370837086804,0.0,0.0,0.0,0.0,0.0,0.0,0.0,MG-0278_P,False,58,ALLWARA
2021-06-01,1491.477197955059,0.0029758568071789815,1179.66,1491.4742220982519,0.0,1.0,118.44,1061.22,-311.8142220982518,MG-0338_P,True,0,ALLWARA
2021-07-01,1461.9466251126296,0.008547197505577846,1135.87,1461.9410537719311,0.0,1.0,157.14,978.7299999999999,-326.07105377193125,MG-0338_P,True,1,ALLWARA
2021-08-01,1433.0000264864923,0.015892324070778244,989.9,1432.992681359927,0.0,1.0,154.3,835.5999999999999,-443.09268135992704,MG-0338_P,True,2,ALLWARA
2021-09-01,1404.6263872036982,0.02475440047870101,1081.08,1404.6175251272903,0.0,1.0,110.91,970.17,-323.53752512729034,MG-0338_P,True,3,ALLWARA
2021-10-01,1376.8144820101438,0.035001777434671,1111.86,1376.804234633188,0.0,1.0,92.29,1019.5699999999999,-264.944234633188,MG-0338_P,True,4,ALLWARA
2021-11-01,1349.5529649084303,0.04628249529151654,1089.76,1349.5416841905735,0.0,1.0,95.58,994.18,-259.7816841905735,MG-0338_P,True,5,ALLWARA
2021-12-01,1322.8314268876495,0.05874096717665611,1037.77,1322.8189684157644,0.0,1.0,92.96,944.81,-285.0489684157644,MG-0338_P,True,6,ALLWARA
2022-01-01,1296.6388569277437,0.07220002877746995,1064.36,1296.625397866143,0.0,1.0,77.23,987.1299999999999,-232.26539786614308,MG-0338_P,True,7,ALLWARA
2022-02-01,1270.9649603246708,0.08666558921122847,1096.18,1270.950494764237,0.0,1.0,77.17,1019.0100000000001,-174.7704947642369,MG-0338_P,True,8,ALLWARA
2022-03-01,1245.7986690741284,0.10134585687037291,1000.58,1245.7839888064693,0.0,1.0,76.56,924.02,-245.20398880646928,MG-0338_P,True,9,ALLWARA
2022-04-01,1221.1299940861438,0.11552688811526125,990.66,1221.115813054899,0.0,1.0,68.53,922.13,-230.45581305489907,MG-0338_P,True,10,ALLWARA
2022-05-01,1196.9499172199514,0.1293441977549476,1046.52,1196.9360999103117,0.0,1.0,91.13,955.39,-150.4160999103117,MG-0338_P,True,11,ALLWARA
2022-06-01,1173.2495755345997,0.14374256730508345,1057.3,1173.2351771650494,0.0,1.0,74.53,982.77,-115.93517716504948,MG-0338_P,True,12,ALLWARA
2022-07-01,1150.0219191845367,0.16209761784433718,1069.77,1150.0035641339975,0.0,1.0,83.32,986.45,-80.23356413399756,MG-0338_P,True,13,ALLWARA
2022-08-01,1127.2535533123569,0.18368306801664336,1023.46,1127.2319678621845,0.0,1.0,94.42,929.0400000000001,-103.77196786218451,MG-0338_P,True,14,ALLWARA
2022-09-01,1104.9351456803058,0.20754934084608134,927.46,1104.9112794074763,0.0,1.0,33.67,893.7900000000001,-177.45127940747625,MG-0338_P,True,15,ALLWARA
2022-10-01,1083.057986897796,0.23296604176431057,1006.9,1083.0325701968777,0.0,1.0,31.22,975.68,-76.13257019687774,MG-0338_P,True,16,ALLWARA
2022-11-01,1061.6147838540664,0.2606614408458029,1095.71,1061.587088454985,0.0,1.0,103.54,992.1700000000001,34.122911545015086,MG-0338_P,True,17,ALLWARA
2022-12-01,1040.5950683022425,0.28947403993094123,1085.55,1040.5662557031574,0.0,1.0,115.51,970.04,44.98374429684259,MG-0338_P,True,18,ALLWARA
2023-01-01,1145.3539374692418,125.68174818115999,1077.99,1019.9616633280128,0.0,1.0,113.86,964.13,58.02833667198718,MG-0338_P,True,19,ALLWARA
2023-02-01,1223.6586279225464,349.575306885837,1083.7,999.7650692178694,0.0,1.0,184.2,899.5,83.93493078213066,MG-0338_P,True,20,ALLWARA
2023-03-01,1282.245324867173,651.8522372872179,1105.91,979.968394465792,0.0,1.0,181.34,924.57,125.94160553420807,MG-0338_P,True,21,ALLWARA
2023-04-01,1328.9857085602844,1020.2742257095819,1175.35,960.5637201379204,0.0,1.0,141.52,1033.83,214.78627986207948,MG-0338_P,True,22,ALLWARA
2023-05-01,1368.4308361048033,1447.1617777085942,1333.28,941.5432841057909,0.0,1.0,97.48,1235.8,391.73671589420906,MG-0338_P,True,23,ALLWARA
2023-06-01,1308.5798324934458,1832.8421322606582,1344.37,922.8994779413817,0.0,1.0,114.12,1230.25,421.47052205861814,MG-0338_P,True,24,ALLWARA
2023-07-01,1221.458162475044,2149.675450862063,1315.98,904.6248438736393,0.0,1.0,118.76,1197.22,411.3551561263607,MG-0338_P,True,25,ALLWARA
2023-08-01,1162.8662566476,2425.829635704391,1258.1,886.7120718052721,0.0,1.0,132.52,1125.58,371.3879281947278,MG-0338_P,True,26,ALLWARA
2023-09-01,1156.890282262918,2713.565921578697,1270.57,869.1539963886121,0.0,1.0,272.5,998.0699999999999,401.41600361138785,MG-0338_P,True,27,ALLWARA
2023-10-01,1148.72210558237,3010.344433001685,1292.93,851.9435941593819,0.0,1.0,282.5,1010.4300000000001,440.9864058406182,MG-0338_P,True,28,ALLWARA
2023-11-01,1091.984432780237,3267.2548850547073,1289.93,835.0739807272148,0.0,1.0,283.87,1006.0600000000001,454.85601927278526,MG-0338_P,True,29,ALLWARA
2023-12-01,1029.5885910409188,3478.3050680738193,1210.96,818.538408021807,0.0,1.0,116.8,1094.16,392.4215919781931,MG-0338_P,True,30,ALLWARA
2024-01-01,975.7068155506253,3651.6816220308456,1212.42,802.3302615935987,0.0,1.0,97.16,1115.26,410.08973840640135,MG-0338_P,True,31,ALLWARA
2024-02-01,928.8711001525849,3794.109664215523,1229.57,786.4430579679073,0.0,1.0,97.45,1132.12,443.12694203209264,MG-0338_P,True,32,ALLWARA
2024-03-01,892.84367295996,3916.082895124033,1150.47,770.8704420514504,0.0,1.0,100.55,1049.92,379.59955794854966,MG-0338_P,True,33,ALLWARA
2024-04-01,855.8076905332806,4016.2844010670897,1162.16,755.6061845902237,0.0,1.0,101.69,1060.47,406.55381540977635,MG-0338_P,True,34,ALLWARA
2024-05-01,822.9605826054169,4098.60080399479,1238.22,740.6441796777166,0.0,1.0,100.52,1137.7,497.57582032228345,MG-0338_P,True,35,ALLWARA
2024-06-01,793.6028407883827,4166.225202470705,1218.65,725.9784423124678,0.0,1.0,98.93,1119.72,492.6715576875323,MG-0338_P,True,36,ALLWARA
2024-07-01,767.1579339226362,4221.7800303893555,924.23,711.6031060039858,0.0,1.0,46.25,877.98,212.62689399601425,MG-0338_P,True,37,ALLWARA
2024-08-01,743.1523436013308,4267.419953564613,647.51,697.5124204260733,0.0,1.0,0.0,647.51,-50.002420426073286,MG-0338_P,True,38,ALLWARA
2024-09-01,721.2699907103856,4304.989195158378,803.66,683.7007491166207,0.0,1.0,0.0,803.66,119.95925088337924,MG-0338_P,True,39,ALLWARA
2024-10-01,701.042563416091,4335.869191351522,924.2,670.1625672229464,0.0,1.0,137.12,787.08,254.0374327770536,MG-0338_P,True,40,ALLWARA
2024-11-01,682.4713615785292,4361.44809363827,1010.63,656.8924592917813,0.0,1.0,160.44,850.19,353.7375407082187,MG-0338_P,True,41,ALLWARA
2024-12-01,684.3770080276345,4401.939984562889,1153.44,643.8851171030158,0.0,1.0,187.51,965.9300000000001,509.5548828969843,MG-0338_P,True,42,ALLWARA
2025-01-01,689.3102604043434,4460.1149074208915,1147.46,631.1353375463409,0.0,1.0,183.8,963.6600000000001,516.3246624536591,MG-0338_P,True,43,ALLWARA
2025-02-01,735.2767741177299,4576.753660998687,1187.16,618.6380205399345,0.0,1.0,187.36,999.8000000000001,568.5219794600656,MG-0338_P,True,44,ALLWARA
2025-03-01,771.2659709497465,4741.631464958073,1161.33,606.3881669903609,0.0,1.0,160.85,1000.4799999999999,554.941833009639,MG-0338_P,True,45,ALLWARA
2025-04-01,798.6022583740964,4945.852846539302,1266.63,594.3808767928671,0.0,1.0,33.51,1233.1200000000001,672.249123207133,MG-0338_P,True,46,ALLWARA
2025-05-01,818.8758392364274,5182.117338904455,1281.29,582.6113468712742,0.0,1.0,19.18,1262.11,698.6786531287257,MG-0338_P,True,47,ALLWARA
2025-06-01,834.9048320782781,5445.947301726049,1286.87,571.0748692566848,0.0,1.0,19.19,1267.6799999999998,715.7951307433151,MG-0338_P,True,48,ALLWARA
2025-07-01,849.8824338794134,5736.062906401231,1257.66,559.7668292042313,0.0,1.0,19.86,1237.8000000000002,697.8931707957688,MG-0338_P,True,49,ALLWARA
2025-08-01,875.5955610168479,6062.975764070962,1274.2,548.6827033471166,0.0,1.0,63.97,1210.23,725.5172966528835,MG-0338_P,True,50,ALLWARA
2025-09-01,905.309916517243,6430.467622700998,1356.43,537.8180578872076,0.0,1.0,92.71,1263.72,818.6119421127925,MG-0338_P,True,51,ALLWARA
2025-10-01,942.7057127277142,6846.004788607255,1315.37,527.1685468214565,0.0,1.0,486.78,828.5899999999999,788.2014531785434,MG-0338_P,True,52,ALLWARA
2025-11-01,974.6008297873024,7303.875708191115,1348.81,516.7299102034419,0.0,1.0,467.48,881.3299999999999,832.080089796558,MG-0338_P,True,53,ALLWARA
2025-12-01,1001.5921450568236,7798.969880808607,1388.79,506.49797243933256,0.0,1.0,381.55,1007.24,882.2920275606674,MG-0338_P,True,54,ALLWARA
2026-01-01,1024.1236207487514,8326.624860939763,1410.51,496.46864061759527,0.0,1.0,283.8,1126.71,914.0413593824047,MG-0338_P,True,55,ALLWARA
2026-02-01,1040.1980666725874,8880.185024740575,1592.58,486.6379028717752,0.0,1.0,147.46,1445.12,1105.9420971282248,MG-0338_P,False,56,ALLWARA
2026-03-01,958.14193690118,9361.32513486606,1618.1,477.00182677569575,0.0,1.0,151.22,1466.8799999999999,1141.0981732243042,MG-0338_P,False,57,ALLWARA
2026-04-01,0.0,9361.32513486606,0.0,0.0,0.0,0.0,0.0,0.0,0.0,MG-0338_P,False,58,ALLWARA
2021-06-01,0.0,0.0,0.0,0.0,0.0,0.0,0.0,0.0,0.0,MG-0525_P,True,0,ALLWARA
2021-07-01,0.0,0.0,0.0,0.0,0.0,0.0,0.0,0.0,0.0,MG-0525_P,True,1,ALLWARA
2021-08-01,0.0,0.0,0.0,0.0,0.0,0.0,0.0,0.0,0.0,MG-0525_P,True,2,ALLWARA
2021-09-01,0.0,0.0,0.0,0.0,0.0,0.0,0.0,0.0,0.0,MG-0525_P,True,3,ALLWARA
2021-10-01,0.0,0.0,0.0,0.0,0.0,0.0,0.0,0.0,0.0,MG-0525_P,True,4,ALLWARA
2021-11-01,0.0,0.0,0.0,0.0,0.0,0.0,0.0,0.0,0.0,MG-0525_P,True,5,ALLWARA
2021-12-01,0.0,0.0,0.0,0.0,0.0,0.0,0.0,0.0,0.0,MG-0525_P,True,6,ALLWARA
2022-01-01,0.0,0.0,0.0,0.0,0.0,0.0,0.0,0.0,0.0,MG-0525_P,True,7,ALLWARA
2022-02-01,0.0,0.0,0.0,0.0,0.0,0.0,0.0,0.0,0.0,MG-0525_P,True,8,ALLWARA
2022-03-01,0.0,0.0,0.0,0.0,0.0,0.0,0.0,0.0,0.0,MG-0525_P,True,9,ALLWARA
2022-04-01,0.0,0.0,0.0,0.0,0.0,0.0,0.0,0.0,0.0,MG-0525_P,True,10,ALLWARA
2022-05-01,0.0,0.0,0.0,0.0,0.0,0.0,0.0,0.0,0.0,MG-0525_P,True,11,ALLWARA
2022-06-01,0.0,0.0,0.0,0.0,0.0,0.0,0.0,0.0,0.0,MG-0525_P,True,12,ALLWARA
2022-07-01,0.0,0.0,0.0,0.0,0.0,0.0,0.0,0.0,0.0,MG-0525_P,True,13,ALLWARA
2022-08-01,0.0,0.0,0.0,0.0,0.0,0.0,0.0,0.0,0.0,MG-0525_P,True,14,ALLWARA
2022-09-01,0.0,0.0,0.0,0.0,0.0,0.0,0.0,0.0,0.0,MG-0525_P,True,15,ALLWARA
2022-10-01,0.0,0.0,0.0,0.0,0.0,0.0,0.0,0.0,0.0,MG-0525_P,True,16,ALLWARA
2022-11-01,0.0,0.0,0.0,0.0,0.0,0.0,0.0,0.0,0.0,MG-0525_P,True,17,ALLWARA
2022-12-01,0.029116817320424697,0.029116817320424697,1124.96,0.0,0.0,1.0,1.76,1123.2,1124.96,MG-0525_P,True,18,ALLWARA
2023-01-01,0.12119331073314538,0.15031012805357008,1181.05,0.0,0.0,1.0,1.37,1179.68,1181.05,MG-0525_P,True,19,ALLWARA
2023-02-01,0.1898698889647207,0.3401800170182908,1763.91,0.0,0.0,1.0,0.28,1763.63,1763.91,MG-0525_P,True,20,ALLWARA
2023-03-01,0.24397857264685247,0.5841585896651433,1869.85,0.0,0.0,1.0,0.11,1869.74,1869.85,MG-0525_P,True,21,ALLWARA
2023-04-01,0.2893535546729386,0.873512144338082,1824.57,0.0,0.0,1.0,0.11,1824.46,1824.57,MG-0525_P,True,22,ALLWARA
2023-05-01,0.3268737619792011,1.200385906317283,1785.75,0.0,0.0,1.0,0.11,1785.64,1785.75,MG-0525_P,True,23,ALLWARA
2023-06-01,0.2923512034830006,1.4927371098002835,1799.01,0.0,0.0,1.0,0.12,1798.89,1799.01,MG-0525_P,True,24,ALLWARA
2023-07-01,0.0,1.4927371098002835,0.0,0.0,0.0,0.0,0.0,0.0,0.0,MG-0525_P,True,25,ALLWARA
2023-08-01,0.0,1.4927371098002835,0.0,0.0,0.0,0.0,0.0,0.0,0.0,MG-0525_P,True,26,ALLWARA
2023-09-01,0.0,1.4927371098002835,0.0,0.0,0.0,0.0,0.0,0.0,0.0,MG-0525_P,True,27,ALLWARA
2023-10-01,0.0,1.4927371098002835,0.0,0.0,0.0,0.0,0.0,0.0,0.0,MG-0525_P,True,28,ALLWARA
2023-11-01,0.0,1.4927371098002835,0.0,0.0,0.0,0.0,0.0,0.0,0.0,MG-0525_P,True,29,ALLWARA
2023-12-01,0.0,1.4927371098002835,0.0,0.0,0.0,0.0,0.0,0.0,0.0,MG-0525_P,True,30,ALLWARA
2024-01-01,0.0,1.4927371098002835,0.0,0.0,0.0,0.0,0.0,0.0,0.0,MG-0525_P,True,31,ALLWARA
2024-02-01,0.0,1.4927371098002835,0.0,0.0,0.0,0.0,0.0,0.0,0.0,MG-0525_P,True,32,ALLWARA
2024-03-01,0.0,1.4927371098002835,0.0,0.0,0.0,0.0,0.0,0.0,0.0,MG-0525_P,True,33,ALLWARA
2024-04-01,0.0,1.4927371098002835,0.0,0.0,0.0,0.0,0.0,0.0,0.0,MG-0525_P,True,34,ALLWARA
2024-05-01,0.0,1.4927371098002835,0.0,0.0,0.0,0.0,0.0,0.0,0.0,MG-0525_P,True,35,ALLWARA
2024-06-01,0.0,1.4927371098002835,0.0,0.0,0.0,0.0,0.0,0.0,0.0,MG-0525_P,True,36,ALLWARA
2024-07-01,0.0,1.4927371098002835,0.0,0.0,0.0,0.0,0.0,0.0,0.0,MG-0525_P,True,37,ALLWARA
2024-08-01,0.0,1.4927371098002835,0.0,0.0,0.0,0.0,0.0,0.0,0.0,MG-0525_P,True,38,ALLWARA
2024-09-01,0.0,1.4927371098002835,0.0,0.0,0.0,0.0,0.0,0.0,0.0,MG-0525_P,True,39,ALLWARA
2024-10-01,0.0,1.4927371098002835,0.0,0.0,0.0,0.0,0.0,0.0,0.0,MG-0525_P,True,40,ALLWARA
2024-11-01,0.0,1.4927371098002835,0.0,0.0,0.0,0.0,0.0,0.0,0.0,MG-0525_P,True,41,ALLWARA
2024-12-01,0.0,1.4927371098002835,0.0,0.0,0.0,0.0,0.0,0.0,0.0,MG-0525_P,True,42,ALLWARA
2025-01-01,0.0,1.4927371098002835,0.0,0.0,0.0,0.0,0.0,0.0,0.0,MG-0525_P,True,43,ALLWARA
2025-02-01,0.0,1.4927371098002835,0.0,0.0,0.0,0.0,0.0,0.0,0.0,MG-0525_P,True,44,ALLWARA
2025-03-01,0.0,1.4927371098002835,0.0,0.0,0.0,0.0,0.0,0.0,0.0,MG-0525_P,True,45,ALLWARA
2025-04-01,0.0,1.4927371098002835,0.0,0.0,0.0,0.0,0.0,0.0,0.0,MG-0525_P,True,46,ALLWARA
2025-05-01,0.0,1.4927371098002835,0.0,0.0,0.0,0.0,0.0,0.0,0.0,MG-0525_P,True,47,ALLWARA
2025-06-01,0.0,1.4927371098002835,0.0,0.0,0.0,0.0,0.0,0.0,0.0,MG-0525_P,True,48,ALLWARA
2025-07-01,0.0,1.4927371098002835,0.0,0.0,0.0,0.0,0.0,0.0,0.0,MG-0525_P,True,49,ALLWARA
2025-08-01,0.0,1.4927371098002835,0.0,0.0,0.0,0.0,0.0,0.0,0.0,MG-0525_P,True,50,ALLWARA
2025-09-01,0.0,1.4927371098002835,0.0,0.0,0.0,0.0,0.0,0.0,0.0,MG-0525_P,True,51,ALLWARA
2025-10-01,0.0,1.4927371098002835,0.0,0.0,0.0,0.0,0.0,0.0,0.0,MG-0525_P,True,52,ALLWARA
2025-11-01,0.0,1.4927371098002835,0.0,0.0,0.0,0.0,0.0,0.0,0.0,MG-0525_P,True,53,ALLWARA
2025-12-01,0.0,1.4927371098002835,0.0,0.0,0.0,0.0,0.0,0.0,0.0,MG-0525_P,True,54,ALLWARA
2026-01-01,0.0,1.4927371098002835,0.0,0.0,0.0,0.0,0.0,0.0,0.0,MG-0525_P,True,55,ALLWARA
2026-02-01,0.0,1.4927371098002835,0.0,0.0,0.0,0.0,0.0,0.0,0.0,MG-0525_P,False,56,ALLWARA
2026-03-01,0.0,1.4927371098002835,0.0,0.0,0.0,0.0,0.0,0.0,0.0,MG-0525_P,False,57,ALLWARA
2026-04-01,0.0,1.4927371098002835,0.0,0.0,0.0,0.0,0.0,0.0,0.0,MG-0525_P,False,58,ALLWARA
2021-06-01,0.0,0.0,0.0,0.0,0.0,0.0,0.0,0.0,0.0,MG-0527_P,True,0,ALLWARA
2021-07-01,0.0,0.0,0.0,0.0,0.0,0.0,0.0,0.0,0.0,MG-0527_P,True,1,ALLWARA
2021-08-01,0.0,0.0,0.0,0.0,0.0,0.0,0.0,0.0,0.0,MG-0527_P,True,2,ALLWARA
2021-09-01,0.0,0.0,0.0,0.0,0.0,0.0,0.0,0.0,0.0,MG-0527_P,True,3,ALLWARA
2021-10-01,0.0,0.0,0.0,0.0,0.0,0.0,0.0,0.0,0.0,MG-0527_P,True,4,ALLWARA
2021-11-01,0.0,0.0,0.0,0.0,0.0,0.0,0.0,0.0,0.0,MG-0527_P,True,5,ALLWARA
2021-12-01,0.0,0.0,0.0,0.0,0.0,0.0,0.0,0.0,0.0,MG-0527_P,True,6,ALLWARA
2022-01-01,0.0,0.0,0.0,0.0,0.0,0.0,0.0,0.0,0.0,MG-0527_P,True,7,ALLWARA
2022-02-01,0.0,0.0,0.0,0.0,0.0,0.0,0.0,0.0,0.0,MG-0527_P,True,8,ALLWARA
2022-03-01,0.0,0.0,0.0,0.0,0.0,0.0,0.0,0.0,0.0,MG-0527_P,True,9,ALLWARA
2022-04-01,0.0,0.0,0.0,0.0,0.0,0.0,0.0,0.0,0.0,MG-0527_P,True,10,ALLWARA
2022-05-01,0.0,0.0,0.0,0.0,0.0,0.0,0.0,0.0,0.0,MG-0527_P,True,11,ALLWARA
2022-06-01,0.0,0.0,0.0,0.0,0.0,0.0,0.0,0.0,0.0,MG-0527_P,True,12,ALLWARA
2022-07-01,0.0,0.0,0.0,0.0,0.0,0.0,0.0,0.0,0.0,MG-0527_P,True,13,ALLWARA
2022-08-01,0.0,0.0,0.0,0.0,0.0,0.0,0.0,0.0,0.0,MG-0527_P,True,14,ALLWARA
2022-09-01,0.0,0.0,0.0,0.0,0.0,0.0,0.0,0.0,0.0,MG-0527_P,True,15,ALLWARA
2022-10-01,0.0,0.0,0.0,0.0,0.0,0.0,0.0,0.0,0.0,MG-0527_P,True,16,ALLWARA
2022-11-01,0.0,0.0,0.0,0.0,0.0,0.0,0.0,0.0,0.0,MG-0527_P,True,17,ALLWARA
2022-12-01,0.0,0.0,0.0,0.0,0.0,0.0,0.0,0.0,0.0,MG-0527_P,True,18,ALLWARA
2023-01-01,0.0,0.0,0.0,0.0,0.0,0.0,0.0,0.0,0.0,MG-0527_P,True,19,ALLWARA
2023-02-01,0.0,0.0,0.0,0.0,0.0,0.0,0.0,0.0,0.0,MG-0527_P,True,20,ALLWARA
2023-03-01,0.0,0.0,0.0,0.0,0.0,0.0,0.0,0.0,0.0,MG-0527_P,True,21,ALLWARA
2023-04-01,0.0,0.0,0.0,0.0,0.0,0.0,0.0,0.0,0.0,MG-0527_P,True,22,ALLWARA
2023-05-01,0.0,0.0,0.0,0.0,0.0,0.0,0.0,0.0,0.0,MG-0527_P,True,23,ALLWARA
2023-06-01,0.0,0.0,0.0,0.0,0.0,0.0,0.0,0.0,0.0,MG-0527_P,True,24,ALLWARA
2023-07-01,0.0,0.0,0.0,0.0,0.0,0.0,0.0,0.0,0.0,MG-0527_P,True,25,ALLWARA
2023-08-01,0.0,0.0,0.0,0.0,0.0,0.0,0.0,0.0,0.0,MG-0527_P,True,26,ALLWARA
2023-09-01,0.0,0.0,0.0,0.0,0.0,0.0,0.0,0.0,0.0,MG-0527_P,True,27,ALLWARA
2023-10-01,0.0,0.0,0.0,0.0,0.0,0.0,0.0,0.0,0.0,MG-0527_P,True,28,ALLWARA
2023-11-01,0.0,0.0,0.0,0.0,0.0,0.0,0.0,0.0,0.0,MG-0527_P,True,29,ALLWARA
2023-12-01,0.0,0.0,0.0,0.0,0.0,0.0,0.0,0.0,0.0,MG-0527_P,True,30,ALLWARA
2024-01-01,0.0,0.0,0.0,0.0,0.0,0.0,0.0,0.0,0.0,MG-0527_P,True,31,ALLWARA
2024-02-01,0.0,0.0,0.0,0.0,0.0,0.0,0.0,0.0,0.0,MG-0527_P,True,32,ALLWARA
2024-03-01,0.0,0.0,0.0,0.0,0.0,0.0,0.0,0.0,0.0,MG-0527_P,True,33,ALLWARA
2024-04-01,0.0,0.0,0.0,0.0,0.0,0.0,0.0,0.0,0.0,MG-0527_P,True,34,ALLWARA
2024-05-01,0.0,0.0,0.0,0.0,0.0,0.0,0.0,0.0,0.0,MG-0527_P,True,35,ALLWARA
2024-06-01,0.0,0.0,0.0,0.0,0.0,0.0,0.0,0.0,0.0,MG-0527_P,True,36,ALLWARA
2024-07-01,0.0,0.0,0.0,0.0,0.0,0.0,0.0,0.0,0.0,MG-0527_P,True,37,ALLWARA
2024-08-01,0.0,0.0,0.0,0.0,0.0,0.0,0.0,0.0,0.0,MG-0527_P,True,38,ALLWARA
2024-09-01,0.0,0.0,0.0,0.0,0.0,0.0,0.0,0.0,0.0,MG-0527_P,True,39,ALLWARA
2024-10-01,0.0,0.0,0.0,0.0,0.0,0.0,0.0,0.0,0.0,MG-0527_P,True,40,ALLWARA
2024-11-01,0.0,0.0,0.0,0.0,0.0,0.0,0.0,0.0,0.0,MG-0527_P,True,41,ALLWARA
2024-12-01,0.0,0.0,0.0,0.0,0.0,0.0,0.0,0.0,0.0,MG-0527_P,True,42,ALLWARA
2025-01-01,339.20556143701754,339.20556143701754,581.62,0.0,0.0,1.0,259.32,322.3,581.62,MG-0527_P,True,43,ALLWARA
2025-02-01,320.0079668389954,659.213528276013,598.04,0.0,0.0,1.0,264.03,334.01,598.04,MG-0527_P,True,44,ALLWARA
2025-03-01,303.48878647615464,962.7023147521677,592.14,0.0,0.0,1.0,256.87,335.27,592.14,MG-0527_P,True,45,ALLWARA
2025-04-01,288.7026048983181,1251.4049196504857,643.87,0.0,0.0,1.0,293.2,350.67,643.87,MG-0527_P,True,46,ALLWARA
2025-05-01,276.559778120727,1527.9646977712127,873.96,0.0,0.0,1.0,411.22,462.74,873.96,MG-0527_P,True,47,ALLWARA
2025-06-01,266.37602437349494,1794.3407221447078,876.49,0.0,0.0,1.0,410.46,466.03000000000003,876.49,MG-0527_P,True,48,ALLWARA
2025-07-01,258.09344286326854,2052.4341650079764,881.83,0.0,0.0,1.0,411.61,470.22,881.83,MG-0527_P,True,49,ALLWARA
2025-08-01,250.98069324924344,2303.4148582572197,756.8,0.0,0.0,1.0,386.57,370.22999999999996,756.8,MG-0527_P,True,50,ALLWARA
2025-09-01,245.42246433664423,2548.837322593864,678.22,0.0,0.0,1.0,333.64,344.58000000000004,678.22,MG-0527_P,True,51,ALLWARA
2025-10-01,241.53155923181413,2790.3688818256783,820.3,0.0,0.0,1.0,374.4,445.9,820.3,MG-0527_P,True,52,ALLWARA
2025-11-01,239.1223580644441,3029.4912398901224,877.96,0.0,0.0,1.0,311.36,566.6,877.96,MG-0527_P,True,53,ALLWARA
2025-12-01,237.16727011457266,3266.658510004695,872.5,0.0,0.0,1.0,314.52,557.98,872.5,MG-0527_P,True,54,ALLWARA
2026-01-01,235.3562540218236,3502.0147640265186,826.0,0.0,0.0,1.0,299.56,526.44,826.0,MG-0527_P,True,55,ALLWARA
2026-02-01,233.96790350025057,3735.982667526769,799.01,0.0,0.0,1.0,316.13,482.88,799.01,MG-0527_P,False,56,ALLWARA
2026-03-01,202.58857770400886,3938.571245230778,712.33,0.0,0.0,1.0,335.63,376.70000000000005,712.33,MG-0527_P,False,57,ALLWARA
2026-04-01,0.0,3938.571245230778,0.0,0.0,0.0,0.0,0.0,0.0,0.0,MG-0527_P,False,58,ALLWARA
2021-06-01,0.0,0.0,0.0,0.0,0.0,0.0,0.0,0.0,0.0,MG-0553_P,True,0,ALLWARA
2021-07-01,0.0,0.0,0.0,0.0,0.0,0.0,0.0,0.0,0.0,MG-0553_P,True,1,ALLWARA
2021-08-01,0.0,0.0,0.0,0.0,0.0,0.0,0.0,0.0,0.0,MG-0553_P,True,2,ALLWARA
2021-09-01,0.0,0.0,0.0,0.0,0.0,0.0,0.0,0.0,0.0,MG-0553_P,True,3,ALLWARA
2021-10-01,0.0,0.0,0.0,0.0,0.0,0.0,0.0,0.0,0.0,MG-0553_P,True,4,ALLWARA
2021-11-01,0.0,0.0,0.0,0.0,0.0,0.0,0.0,0.0,0.0,MG-0553_P,True,5,ALLWARA
2021-12-01,0.0,0.0,0.0,0.0,0.0,0.0,0.0,0.0,0.0,MG-0553_P,True,6,ALLWARA
2022-01-01,0.0,0.0,0.0,0.0,0.0,0.0,0.0,0.0,0.0,MG-0553_P,True,7,ALLWARA
2022-02-01,0.0,0.0,0.0,0.0,0.0,0.0,0.0,0.0,0.0,MG-0553_P,True,8,ALLWARA
2022-03-01,0.0,0.0,0.0,0.0,0.0,0.0,0.0,0.0,0.0,MG-0553_P,True,9,ALLWARA
2022-04-01,0.0,0.0,0.0,0.0,0.0,0.0,0.0,0.0,0.0,MG-0553_P,True,10,ALLWARA
2022-05-01,0.0,0.0,0.0,0.0,0.0,0.0,0.0,0.0,0.0,MG-0553_P,True,11,ALLWARA
2022-06-01,0.0,0.0,0.0,0.0,0.0,0.0,0.0,0.0,0.0,MG-0553_P,True,12,ALLWARA
2022-07-01,0.0,0.0,0.0,0.0,0.0,0.0,0.0,0.0,0.0,MG-0553_P,True,13,ALLWARA
2022-08-01,1710.3504389599907,1710.3504389599907,1830.76,0.0,0.0,1.0,1.71,1829.05,1830.76,MG-0553_P,True,14,ALLWARA
2022-09-01,2049.2613504198043,3759.611789379795,2703.85,0.0,0.0,1.0,1.53,2702.3199999999997,2703.85,MG-0553_P,True,15,ALLWARA
2022-10-01,2298.87052918033,6058.482318560125,1785.02,0.0,0.0,1.0,0.78,1784.24,1785.02,MG-0553_P,True,16,ALLWARA
2022-11-01,2658.6587575327903,8717.141076092916,2822.29,0.0,0.0,1.0,12.06,2810.23,2822.29,MG-0553_P,True,17,ALLWARA
2022-12-01,2860.6636715887307,11577.804747681646,2715.13,0.0,0.0,1.0,4.56,2710.57,2715.13,MG-0553_P,True,18,ALLWARA
2023-01-01,3067.9407326522273,14645.745480333873,2698.52,0.0,0.0,1.0,4.5,2694.02,2698.52,MG-0553_P,True,19,ALLWARA
2023-02-01,3033.5697581684017,17679.315238502277,2754.46,0.0,0.0,1.0,3.82,2750.64,2754.46,MG-0553_P,True,20,ALLWARA
2023-03-01,2978.621492253664,20657.93673075594,2833.36,0.0,0.0,1.0,2.22,2831.1400000000003,2833.36,MG-0553_P,True,21,ALLWARA
2023-04-01,2950.5662142758338,23608.502945031774,2764.71,0.0,0.0,1.0,2.13,2762.58,2764.71,MG-0553_P,True,22,ALLWARA
2023-05-01,2761.019737240821,26369.522682272596,2705.98,0.0,0.0,1.0,2.2,2703.78,2705.98,MG-0553_P,True,23,ALLWARA
2023-06-01,2531.156596404081,28900.67927867668,2728.6,0.0,0.0,1.0,2.28,2726.3199999999997,2728.6,MG-0553_P,True,24,ALLWARA
2023-07-01,2331.8665307776,31232.545809454277,2385.41,0.0,0.0,1.0,9.77,2375.64,2385.41,MG-0553_P,True,25,ALLWARA
2023-08-01,2158.3443303851923,33390.89013983947,2327.48,0.0,0.0,1.0,11.56,2315.92,2327.48,MG-0553_P,True,26,ALLWARA
2023-09-01,2002.1610534202518,35393.051193259715,2437.94,0.0,0.0,1.0,10.67,2427.27,2437.94,MG-0553_P,True,27,ALLWARA
2023-10-01,1867.123287047667,37260.17448030738,2469.0,0.0,0.0,1.0,7.81,2461.19,2469.0,MG-0553_P,True,28,ALLWARA
2023-11-01,1710.1179612876654,38970.29244159505,2458.32,0.0,0.0,1.0,8.33,2449.9900000000002,2458.32,MG-0553_P,True,29,ALLWARA
2023-12-01,1557.124614359379,40527.41705595443,2482.29,0.0,0.0,1.0,8.78,2473.5099999999998,2482.29,MG-0553_P,True,30,ALLWARA
2024-01-01,1422.491559677048,41949.90861563147,2292.81,0.0,0.0,1.0,1.95,2290.86,2292.81,MG-0553_P,True,31,ALLWARA
2024-02-01,1297.3926442221205,43247.30125985359,2258.86,0.0,0.0,1.0,0.0,2258.86,2258.86,MG-0553_P,True,32,ALLWARA
2024-03-01,1245.6713929640869,44492.97265281768,2096.21,0.0,0.0,1.0,3.01,2093.2,2096.21,MG-0553_P,True,33,ALLWARA
2024-04-01,1210.5209276640917,45703.49358048177,2117.37,0.0,0.0,1.0,2.77,2114.6,2117.37,MG-0553_P,True,34,ALLWARA
2024-05-01,1181.6155242187751,46885.10910470055,2271.48,0.0,0.0,1.0,1.95,2269.53,2271.48,MG-0553_P,True,35,ALLWARA
2024-06-01,1172.190864833051,48057.2999695336,2076.9,0.0,0.0,1.0,0.07,2076.83,2076.9,MG-0553_P,True,36,ALLWARA
2024-07-01,1148.2304957564124,49205.53046529001,2052.55,0.0,0.0,1.0,0.0,2052.55,2052.55,MG-0553_P,True,37,ALLWARA
2024-08-01,1130.9703403644705,50336.500805654476,1754.8,0.0,0.0,1.0,0.0,1754.8,1754.8,MG-0553_P,True,38,ALLWARA
2024-09-01,1115.1644754821168,51451.66528113659,1930.19,0.0,0.0,1.0,0.0,1930.19,1930.19,MG-0553_P,True,39,ALLWARA
2024-10-01,1093.595932430964,52545.26121356756,1942.94,0.0,0.0,1.0,0.32,1942.6200000000001,1942.94,MG-0553_P,True,40,ALLWARA
2024-11-01,1068.8459846423473,53614.10719820991,1880.86,0.0,0.0,1.0,0.63,1880.2299999999998,1880.86,MG-0553_P,True,41,ALLWARA
2024-12-01,1049.6806477471926,54663.7878459571,1858.66,0.0,0.0,1.0,0.0,1858.66,1858.66,MG-0553_P,True,42,ALLWARA
2025-01-01,1032.8242788675047,55696.612124824605,1854.26,0.0,0.0,1.0,0.15,1854.11,1854.26,MG-0553_P,True,43,ALLWARA
2025-02-01,1020.2039809469061,56716.81610577151,1923.63,0.0,0.0,1.0,1.72,1921.91,1923.63,MG-0553_P,True,44,ALLWARA
2025-03-01,1008.6219157464444,57725.438021517955,1832.85,0.0,0.0,1.0,0.57,1832.28,1832.85,MG-0553_P,True,45,ALLWARA
2025-04-01,999.7855195433406,58725.2235410613,1847.81,0.0,0.0,1.0,0.0,1847.81,1847.81,MG-0553_P,True,46,ALLWARA
2025-05-01,992.237289031839,59717.460830093136,1865.22,0.0,0.0,1.0,2.98,1862.24,1865.22,MG-0553_P,True,47,ALLWARA
2025-06-01,985.1262810232096,60702.58711111634,1873.42,0.0,0.0,1.0,3.1,1870.3200000000002,1873.42,MG-0553_P,True,48,ALLWARA
2025-07-01,963.0470452166905,61665.634156333035,1829.43,0.0,0.0,1.0,3.21,1826.22,1829.43,MG-0553_P,True,49,ALLWARA
2025-08-01,960.5006281557339,62626.13478448877,1625.04,0.0,0.0,1.0,26.39,1598.6499999999999,1625.04,MG-0553_P,True,50,ALLWARA
2025-09-01,956.3798231451849,63582.51460763396,1719.04,0.0,0.0,1.0,2.85,1716.19,1719.04,MG-0553_P,True,51,ALLWARA
2025-10-01,942.073389070181,64524.58799670414,1778.95,0.0,0.0,1.0,1.91,1777.04,1778.95,MG-0553_P,True,52,ALLWARA
2025-11-01,950.442858392312,65475.030855096455,1884.05,0.0,0.0,1.0,4.69,1879.36,1884.05,MG-0553_P,True,53,ALLWARA
2025-12-01,958.0858937180661,66433.11674881451,1855.97,0.0,0.0,1.0,2.14,1853.83,1855.97,MG-0553_P,True,54,ALLWARA
2026-01-01,964.5215612427212,67397.63831005724,1751.17,0.0,0.0,1.0,1.5,1749.67,1751.17,MG-0553_P,True,55,ALLWARA
2026-02-01,970.6917720897824,68368.33008214702,1803.3,0.0,0.0,1.0,1.52,1801.78,1803.3,MG-0553_P,False,56,ALLWARA
2026-03-01,842.0516396185765,69210.38172176559,1830.6,0.0,0.0,1.0,1.55,1829.05,1830.6,MG-0553_P,False,57,ALLWARA
2026-04-01,0.0,69210.38172176559,0.0,0.0,0.0,0.0,0.0,0.0,0.0,MG-0553_P,False,58,ALLWARA
2021-06-01,0.0,0.0,0.0,0.0,0.0,0.0,0.0,0.0,0.0,MG-0567_P,True,0,ALLWARA
2021-07-01,0.0,0.0,0.0,0.0,0.0,0.0,0.0,0.0,0.0,MG-0567_P,True,1,ALLWARA
2021-08-01,0.0,0.0,0.0,0.0,0.0,0.0,0.0,0.0,0.0,MG-0567_P,True,2,ALLWARA
2021-09-01,0.0,0.0,0.0,0.0,0.0,0.0,0.0,0.0,0.0,MG-0567_P,True,3,ALLWARA
2021-10-01,0.0,0.0,0.0,0.0,0.0,0.0,0.0,0.0,0.0,MG-0567_P,True,4,ALLWARA
2021-11-01,0.0,0.0,0.0,0.0,0.0,0.0,0.0,0.0,0.0,MG-0567_P,True,5,ALLWARA
2021-12-01,0.0,0.0,0.0,0.0,0.0,0.0,0.0,0.0,0.0,MG-0567_P,True,6,ALLWARA
2022-01-01,0.0,0.0,0.0,0.0,0.0,0.0,0.0,0.0,0.0,MG-0567_P,True,7,ALLWARA
2022-02-01,0.0,0.0,0.0,0.0,0.0,0.0,0.0,0.0,0.0,MG-0567_P,True,8,ALLWARA
2022-03-01,0.0,0.0,0.0,0.0,0.0,0.0,0.0,0.0,0.0,MG-0567_P,True,9,ALLWARA
2022-04-01,0.0,0.0,0.0,0.0,0.0,0.0,0.0,0.0,0.0,MG-0567_P,True,10,ALLWARA
2022-05-01,0.0,0.0,0.0,0.0,0.0,0.0,0.0,0.0,0.0,MG-0567_P,True,11,ALLWARA
2022-06-01,0.0,0.0,0.0,0.0,0.0,0.0,0.0,0.0,0.0,MG-0567_P,True,12,ALLWARA
2022-07-01,0.0,0.0,0.0,0.0,0.0,0.0,0.0,0.0,0.0,MG-0567_P,True,13,ALLWARA
2022-08-01,0.0,0.0,0.0,0.0,0.0,0.0,0.0,0.0,0.0,MG-0567_P,True,14,ALLWARA
2022-09-01,0.0,0.0,0.0,0.0,0.0,0.0,0.0,0.0,0.0,MG-0567_P,True,15,ALLWARA
2022-10-01,0.0,0.0,0.0,0.0,0.0,0.0,0.0,0.0,0.0,MG-0567_P,True,16,ALLWARA
2022-11-01,0.0,0.0,0.0,0.0,0.0,0.0,0.0,0.0,0.0,MG-0567_P,True,17,ALLWARA
2022-12-01,0.0,0.0,0.0,0.0,0.0,0.0,0.0,0.0,0.0,MG-0567_P,True,18,ALLWARA
2023-01-01,0.0,0.0,0.0,0.0,0.0,0.0,0.0,0.0,0.0,MG-0567_P,True,19,ALLWARA
2023-02-01,0.0,0.0,0.0,0.0,0.0,0.0,0.0,0.0,0.0,MG-0567_P,True,20,ALLWARA
2023-03-01,0.0,0.0,0.0,0.0,0.0,0.0,0.0,0.0,0.0,MG-0567_P,True,21,ALLWARA
2023-04-01,0.0,0.0,0.0,0.0,0.0,0.0,0.0,0.0,0.0,MG-0567_P,True,22,ALLWARA
2023-05-01,0.0,0.0,0.0,0.0,0.0,0.0,0.0,0.0,0.0,MG-0567_P,True,23,ALLWARA
2023-06-01,0.0,0.0,0.0,0.0,0.0,0.0,0.0,0.0,0.0,MG-0567_P,True,24,ALLWARA
2023-07-01,0.0,0.0,0.0,0.0,0.0,0.0,0.0,0.0,0.0,MG-0567_P,True,25,ALLWARA
2023-08-01,0.0,0.0,0.0,0.0,0.0,0.0,0.0,0.0,0.0,MG-0567_P,True,26,ALLWARA
2023-09-01,0.0,0.0,0.0,0.0,0.0,0.0,0.0,0.0,0.0,MG-0567_P,True,27,ALLWARA
2023-10-01,0.0,0.0,0.0,0.0,0.0,0.0,0.0,0.0,0.0,MG-0567_P,True,28,ALLWARA
2023-11-01,0.0,0.0,0.0,0.0,0.0,0.0,0.0,0.0,0.0,MG-0567_P,True,29,ALLWARA
2023-12-01,0.0,0.0,0.0,0.0,0.0,0.0,0.0,0.0,0.0,MG-0567_P,True,30,ALLWARA
2024-01-01,0.0,0.0,0.0,0.0,0.0,0.0,0.0,0.0,0.0,MG-0567_P,True,31,ALLWARA
2024-02-01,0.0,0.0,0.0,0.0,0.0,0.0,0.0,0.0,0.0,MG-0567_P,True,32,ALLWARA
2024-03-01,0.0,0.0,0.0,0.0,0.0,0.0,0.0,0.0,0.0,MG-0567_P,True,33,ALLWARA
2024-04-01,0.0,0.0,0.0,0.0,0.0,0.0,0.0,0.0,0.0,MG-0567_P,True,34,ALLWARA
2024-05-01,0.0,0.0,0.0,0.0,0.0,0.0,0.0,0.0,0.0,MG-0567_P,True,35,ALLWARA
2024-06-01,0.0,0.0,0.0,0.0,0.0,0.0,0.0,0.0,0.0,MG-0567_P,True,36,ALLWARA
2024-07-01,0.0,0.0,0.0,0.0,0.0,0.0,0.0,0.0,0.0,MG-0567_P,True,37,ALLWARA
2024-08-01,1580.637600237007,1580.637600237007,1725.32,0.0,0.0,1.0,9.14,1716.1799999999998,1725.32,MG-0567_P,True,38,ALLWARA
2024-09-01,1575.237441289363,3155.8750415263703,1816.4,0.0,0.0,1.0,2.09,1814.3100000000002,1816.4,MG-0567_P,True,39,ALLWARA
2024-10-01,1542.3454520810806,4698.22049360745,1827.54,0.0,0.0,1.0,9.83,1817.71,1827.54,MG-0567_P,True,40,ALLWARA
2024-11-01,1487.818442318961,6186.038935926412,1783.05,0.0,0.0,1.0,9.61,1773.44,1783.05,MG-0567_P,True,41,ALLWARA
2024-12-01,1445.3438632574084,7631.382799183821,1770.42,0.0,0.0,1.0,9.81,1760.6100000000001,1770.42,MG-0567_P,True,42,ALLWARA
2025-01-01,1412.6856440310403,9044.068443214861,1261.23,0.0,0.0,1.0,1.38,1259.85,1261.23,MG-0567_P,True,43,ALLWARA
2025-02-01,1393.468431388321,10437.536874603182,1242.06,0.0,0.0,1.0,2.56,1239.5,1242.06,MG-0567_P,True,44,ALLWARA
2025-03-01,1378.8935676085287,11816.430442211711,1246.71,0.0,0.0,1.0,2.16,1244.55,1246.71,MG-0567_P,True,45,ALLWARA
2025-04-01,1369.953923514198,13186.38436572591,1292.83,0.0,0.0,1.0,3.18,1289.6499999999999,1292.83,MG-0567_P,True,46,ALLWARA
2025-05-01,1363.5642726860563,14549.948638411966,1305.37,0.0,0.0,1.0,3.25,1302.12,1305.37,MG-0567_P,True,47,ALLWARA
2025-06-01,1343.486007983424,15893.43464639539,1030.77,0.0,0.0,1.0,3.41,1027.36,1030.77,MG-0567_P,True,48,ALLWARA
2025-07-01,1344.337706238215,17237.772352633605,1003.63,0.0,0.0,1.0,3.52,1000.11,1003.63,MG-0567_P,True,49,ALLWARA
2025-08-01,1392.3167593530843,18630.08911198669,975.51,0.0,0.0,1.0,2.11,973.4,975.51,MG-0567_P,True,50,ALLWARA
2025-09-01,1435.488377138965,20065.577489125655,1015.11,0.0,0.0,1.0,3.23,1011.88,1015.11,MG-0567_P,True,51,ALLWARA
2025-10-01,1479.4251167652308,21545.002605890884,1031.65,0.0,0.0,1.0,3.59,1028.0600000000002,1031.65,MG-0567_P,True,52,ALLWARA
2025-11-01,1512.5782065043888,23057.580812395274,1551.28,0.0,0.0,1.0,1.09,1550.19,1551.28,MG-0567_P,True,53,ALLWARA
2025-12-01,1539.390560159084,24596.97137255436,1723.24,0.0,0.0,1.0,0.52,1722.72,1723.24,MG-0567_P,True,54,ALLWARA
2026-01-01,1557.7388107069169,26154.710183261275,1623.11,0.0,0.0,1.0,15.09,1608.02,1623.11,MG-0567_P,True,55,ALLWARA
2026-02-01,1573.1063068347626,27727.816490096036,1671.24,0.0,0.0,1.0,14.85,1656.39,1671.24,MG-0567_P,False,56,ALLWARA
2026-03-01,1276.0470386899224,29003.863528785958,1697.24,0.0,0.0,1.0,17.26,1679.98,1697.24,MG-0567_P,False,57,ALLWARA
2026-04-01,0.0,29003.863528785958,0.0,0.0,0.0,0.0,0.0,0.0,0.0,MG-0567_P,False,58,ALLWARA
2021-06-01,0.0,0.0,0.0,0.0,0.0,0.0,0.0,0.0,0.0,MG-0579_P,True,0,ALLWARA
2021-07-01,0.0,0.0,0.0,0.0,0.0,0.0,0.0,0.0,0.0,MG-0579_P,True,1,ALLWARA
2021-08-01,0.0,0.0,0.0,0.0,0.0,0.0,0.0,0.0,0.0,MG-0579_P,True,2,ALLWARA
2021-09-01,0.0,0.0,0.0,0.0,0.0,0.0,0.0,0.0,0.0,MG-0579_P,True,3,ALLWARA
2021-10-01,0.0,0.0,0.0,0.0,0.0,0.0,0.0,0.0,0.0,MG-0579_P,True,4,ALLWARA
2021-11-01,0.0,0.0,0.0,0.0,0.0,0.0,0.0,0.0,0.0,MG-0579_P,True,5,ALLWARA
2021-12-01,0.0,0.0,0.0,0.0,0.0,0.0,0.0,0.0,0.0,MG-0579_P,True,6,ALLWARA
2022-01-01,0.0,0.0,0.0,0.0,0.0,0.0,0.0,0.0,0.0,MG-0579_P,True,7,ALLWARA
2022-02-01,0.0,0.0,0.0,0.0,0.0,0.0,0.0,0.0,0.0,MG-0579_P,True,8,ALLWARA
2022-03-01,0.0,0.0,0.0,0.0,0.0,0.0,0.0,0.0,0.0,MG-0579_P,True,9,ALLWARA
2022-04-01,0.0,0.0,0.0,0.0,0.0,0.0,0.0,0.0,0.0,MG-0579_P,True,10,ALLWARA
2022-05-01,0.0,0.0,0.0,0.0,0.0,0.0,0.0,0.0,0.0,MG-0579_P,True,11,ALLWARA
2022-06-01,0.0,0.0,0.0,0.0,0.0,0.0,0.0,0.0,0.0,MG-0579_P,True,12,ALLWARA
2022-07-01,0.0,0.0,0.0,0.0,0.0,0.0,0.0,0.0,0.0,MG-0579_P,True,13,ALLWARA
2022-08-01,0.0,0.0,0.0,0.0,0.0,0.0,0.0,0.0,0.0,MG-0579_P,True,14,ALLWARA
2022-09-01,0.0,0.0,0.0,0.0,0.0,0.0,0.0,0.0,0.0,MG-0579_P,True,15,ALLWARA
2022-10-01,0.0,0.0,0.0,0.0,0.0,0.0,0.0,0.0,0.0,MG-0579_P,True,16,ALLWARA
2022-11-01,0.0,0.0,0.0,0.0,0.0,0.0,0.0,0.0,0.0,MG-0579_P,True,17,ALLWARA
2022-12-01,0.0,0.0,0.0,0.0,0.0,0.0,0.0,0.0,0.0,MG-0579_P,True,18,ALLWARA
2023-01-01,0.0,0.0,0.0,0.0,0.0,0.0,0.0,0.0,0.0,MG-0579_P,True,19,ALLWARA
2023-02-01,0.0,0.0,0.0,0.0,0.0,0.0,0.0,0.0,0.0,MG-0579_P,True,20,ALLWARA
2023-03-01,0.0,0.0,0.0,0.0,0.0,0.0,0.0,0.0,0.0,MG-0579_P,True,21,ALLWARA
2023-04-01,0.0,0.0,0.0,0.0,0.0,0.0,0.0,0.0,0.0,MG-0579_P,True,22,ALLWARA
2023-05-01,0.0,0.0,0.0,0.0,0.0,0.0,0.0,0.0,0.0,MG-0579_P,True,23,ALLWARA
2023-06-01,0.0,0.0,0.0,0.0,0.0,0.0,0.0,0.0,0.0,MG-0579_P,True,24,ALLWARA
2023-07-01,0.0,0.0,0.0,0.0,0.0,0.0,0.0,0.0,0.0,MG-0579_P,True,25,ALLWARA
2023-08-01,0.0,0.0,0.0,0.0,0.0,0.0,0.0,0.0,0.0,MG-0579_P,True,26,ALLWARA
2023-09-01,0.0,0.0,0.0,0.0,0.0,0.0,0.0,0.0,0.0,MG-0579_P,True,27,ALLWARA
2023-10-01,0.0,0.0,0.0,0.0,0.0,0.0,0.0,0.0,0.0,MG-0579_P,True,28,ALLWARA
2023-11-01,0.0,0.0,0.0,0.0,0.0,0.0,0.0,0.0,0.0,MG-0579_P,True,29,ALLWARA
2023-12-01,0.0,0.0,0.0,0.0,0.0,0.0,0.0,0.0,0.0,MG-0579_P,True,30,ALLWARA
2024-01-01,0.0,0.0,0.0,0.0,0.0,0.0,0.0,0.0,0.0,MG-0579_P,True,31,ALLWARA
2024-02-01,0.0,0.0,0.0,0.0,0.0,0.0,0.0,0.0,0.0,MG-0579_P,True,32,ALLWARA
2024-03-01,0.0,0.0,0.0,0.0,0.0,0.0,0.0,0.0,0.0,MG-0579_P,True,33,ALLWARA
2024-04-01,0.0,0.0,0.0,0.0,0.0,0.0,0.0,0.0,0.0,MG-0579_P,True,34,ALLWARA
2024-05-01,0.0,0.0,0.0,0.0,0.0,0.0,0.0,0.0,0.0,MG-0579_P,True,35,ALLWARA
2024-06-01,0.0,0.0,0.0,0.0,0.0,0.0,0.0,0.0,0.0,MG-0579_P,True,36,ALLWARA
2024-07-01,0.0,0.0,0.0,0.0,0.0,0.0,0.0,0.0,0.0,MG-0579_P,True,37,ALLWARA
2024-08-01,0.0,0.0,0.0,0.0,0.0,0.0,0.0,0.0,0.0,MG-0579_P,True,38,ALLWARA
2024-09-01,0.0,0.0,0.0,0.0,0.0,0.0,0.0,0.0,0.0,MG-0579_P,True,39,ALLWARA
2024-10-01,0.0,0.0,0.0,0.0,0.0,0.0,0.0,0.0,0.0,MG-0579_P,True,40,ALLWARA
2024-11-01,0.0,0.0,0.0,0.0,0.0,0.0,0.0,0.0,0.0,MG-0579_P,True,41,ALLWARA
2024-12-01,0.0,0.0,0.0,0.0,0.0,0.0,0.0,0.0,0.0,MG-0579_P,True,42,ALLWARA
2025-01-01,0.0,0.0,0.0,0.0,0.0,0.0,0.0,0.0,0.0,MG-0579_P,True,43,ALLWARA
2025-02-01,0.0,0.0,0.0,0.0,0.0,0.0,0.0,0.0,0.0,MG-0579_P,True,44,ALLWARA
2025-03-01,0.0,0.0,0.0,0.0,0.0,0.0,0.0,0.0,0.0,MG-0579_P,True,45,ALLWARA
2025-04-01,0.0,0.0,0.0,0.0,0.0,0.0,0.0,0.0,0.0,MG-0579_P,True,46,ALLWARA
2025-05-01,0.0,0.0,0.0,0.0,0.0,0.0,0.0,0.0,0.0,MG-0579_P,True,47,ALLWARA
2025-06-01,0.0,0.0,0.0,0.0,0.0,0.0,0.0,0.0,0.0,MG-0579_P,True,48,ALLWARA
2025-07-01,702.8714217989996,702.8714217989996,1090.58,0.0,0.0,1.0,39.73,1050.85,1090.58,MG-0579_P,True,49,ALLWARA
2025-08-01,798.5262124232215,1501.397634222221,886.63,0.0,0.0,1.0,7.17,879.46,886.63,MG-0579_P,True,50,ALLWARA
2025-09-01,817.1733726423088,2318.57100686453,922.69,0.0,0.0,1.0,7.51,915.1800000000001,922.69,MG-0579_P,True,51,ALLWARA
2025-10-01,846.6635553722979,3165.2345622368275,897.92,0.0,0.0,1.0,270.03,627.89,897.92,MG-0579_P,True,52,ALLWARA
2025-11-01,818.7325672831442,3983.967129519972,801.14,0.0,0.0,1.0,409.16,391.97999999999996,801.14,MG-0579_P,True,53,ALLWARA
2025-12-01,820.5698369853571,4804.5369665053295,717.91,0.0,0.0,1.0,231.39,486.52,717.91,MG-0579_P,True,54,ALLWARA
2026-01-01,808.6089891269171,5613.145955632246,679.47,0.0,0.0,1.0,220.41,459.06000000000006,679.47,MG-0579_P,True,55,ALLWARA
2026-02-01,806.977914791409,6420.123870423655,695.38,0.0,0.0,1.0,222.69,472.69,695.38,MG-0579_P,False,56,ALLWARA
2026-03-01,292.70188408969307,6712.825754513347,708.61,0.0,0.0,1.0,228.5,480.11,708.61,MG-0579_P,False,57,ALLWARA
2026-04-01,0.0,6712.825754513347,0.0,0.0,0.0,0.0,0.0,0.0,0.0,MG-0579_P,False,58,ALLWARA
2021-06-01,0.0,0.0,0.0,0.0,0.0,0.0,0.0,0.0,0.0,MG-0581_P,True,0,ALLWARA
2021-07-01,0.0,0.0,0.0,0.0,0.0,0.0,0.0,0.0,0.0,MG-0581_P,True,1,ALLWARA
2021-08-01,0.0,0.0,0.0,0.0,0.0,0.0,0.0,0.0,0.0,MG-0581_P,True,2,ALLWARA
2021-09-01,0.0,0.0,0.0,0.0,0.0,0.0,0.0,0.0,0.0,MG-0581_P,True,3,ALLWARA
2021-10-01,0.0,0.0,0.0,0.0,0.0,0.0,0.0,0.0,0.0,MG-0581_P,True,4,ALLWARA
2021-11-01,0.0,0.0,0.0,0.0,0.0,0.0,0.0,0.0,0.0,MG-0581_P,True,5,ALLWARA
2021-12-01,0.0,0.0,0.0,0.0,0.0,0.0,0.0,0.0,0.0,MG-0581_P,True,6,ALLWARA
2022-01-01,0.0,0.0,0.0,0.0,0.0,0.0,0.0,0.0,0.0,MG-0581_P,True,7,ALLWARA
2022-02-01,0.0,0.0,0.0,0.0,0.0,0.0,0.0,0.0,0.0,MG-0581_P,True,8,ALLWARA
2022-03-01,0.0,0.0,0.0,0.0,0.0,0.0,0.0,0.0,0.0,MG-0581_P,True,9,ALLWARA
2022-04-01,0.0,0.0,0.0,0.0,0.0,0.0,0.0,0.0,0.0,MG-0581_P,True,10,ALLWARA
2022-05-01,0.0,0.0,0.0,0.0,0.0,0.0,0.0,0.0,0.0,MG-0581_P,True,11,ALLWARA
2022-06-01,0.0,0.0,0.0,0.0,0.0,0.0,0.0,0.0,0.0,MG-0581_P,True,12,ALLWARA
2022-07-01,0.0,0.0,0.0,0.0,0.0,0.0,0.0,0.0,0.0,MG-0581_P,True,13,ALLWARA
2022-08-01,0.0,0.0,0.0,0.0,0.0,0.0,0.0,0.0,0.0,MG-0581_P,True,14,ALLWARA
2022-09-01,0.0,0.0,0.0,0.0,0.0,0.0,0.0,0.0,0.0,MG-0581_P,True,15,ALLWARA
2022-10-01,0.0,0.0,0.0,0.0,0.0,0.0,0.0,0.0,0.0,MG-0581_P,True,16,ALLWARA
2022-11-01,0.0,0.0,0.0,0.0,0.0,0.0,0.0,0.0,0.0,MG-0581_P,True,17,ALLWARA
2022-12-01,0.0,0.0,0.0,0.0,0.0,0.0,0.0,0.0,0.0,MG-0581_P,True,18,ALLWARA
2023-01-01,0.0,0.0,0.0,0.0,0.0,0.0,0.0,0.0,0.0,MG-0581_P,True,19,ALLWARA
2023-02-01,0.0,0.0,0.0,0.0,0.0,0.0,0.0,0.0,0.0,MG-0581_P,True,20,ALLWARA
2023-03-01,0.0,0.0,0.0,0.0,0.0,0.0,0.0,0.0,0.0,MG-0581_P,True,21,ALLWARA
2023-04-01,0.0,0.0,0.0,0.0,0.0,0.0,0.0,0.0,0.0,MG-0581_P,True,22,ALLWARA
2023-05-01,0.0,0.0,0.0,0.0,0.0,0.0,0.0,0.0,0.0,MG-0581_P,True,23,ALLWARA
2023-06-01,0.0,0.0,0.0,0.0,0.0,0.0,0.0,0.0,0.0,MG-0581_P,True,24,ALLWARA
2023-07-01,0.0,0.0,0.0,0.0,0.0,0.0,0.0,0.0,0.0,MG-0581_P,True,25,ALLWARA
2023-08-01,0.0,0.0,0.0,0.0,0.0,0.0,0.0,0.0,0.0,MG-0581_P,True,26,ALLWARA
2023-09-01,0.0,0.0,0.0,0.0,0.0,0.0,0.0,0.0,0.0,MG-0581_P,True,27,ALLWARA
2023-10-01,0.0,0.0,0.0,0.0,0.0,0.0,0.0,0.0,0.0,MG-0581_P,True,28,ALLWARA
2023-11-01,0.0,0.0,0.0,0.0,0.0,0.0,0.0,0.0,0.0,MG-0581_P,True,29,ALLWARA
2023-12-01,0.0,0.0,0.0,0.0,0.0,0.0,0.0,0.0,0.0,MG-0581_P,True,30,ALLWARA
2024-01-01,0.0,0.0,0.0,0.0,0.0,0.0,0.0,0.0,0.0,MG-0581_P,True,31,ALLWARA
2024-02-01,0.0,0.0,0.0,0.0,0.0,0.0,0.0,0.0,0.0,MG-0581_P,True,32,ALLWARA
2024-03-01,0.0,0.0,0.0,0.0,0.0,0.0,0.0,0.0,0.0,MG-0581_P,True,33,ALLWARA
2024-04-01,0.0,0.0,0.0,0.0,0.0,0.0,0.0,0.0,0.0,MG-0581_P,True,34,ALLWARA
2024-05-01,0.0,0.0,0.0,0.0,0.0,0.0,0.0,0.0,0.0,MG-0581_P,True,35,ALLWARA
2024-06-01,0.0,0.0,0.0,0.0,0.0,0.0,0.0,0.0,0.0,MG-0581_P,True,36,ALLWARA
2024-07-01,0.0,0.0,0.0,0.0,0.0,0.0,0.0,0.0,0.0,MG-0581_P,True,37,ALLWARA
2024-08-01,0.0,0.0,0.0,0.0,0.0,0.0,0.0,0.0,0.0,MG-0581_P,True,38,ALLWARA
2024-09-01,0.0,0.0,0.0,0.0,0.0,0.0,0.0,0.0,0.0,MG-0581_P,True,39,ALLWARA
2024-10-01,0.0,0.0,0.0,0.0,0.0,0.0,0.0,0.0,0.0,MG-0581_P,True,40,ALLWARA
2024-11-01,0.0,0.0,0.0,0.0,0.0,0.0,0.0,0.0,0.0,MG-0581_P,True,41,ALLWARA
2024-12-01,1551.466770221134,1551.466770221134,4235.18,0.0,0.0,1.0,4.24,4230.9400000000005,4235.18,MG-0581_P,True,42,ALLWARA
2025-01-01,1755.0931386166887,3306.559908837823,4034.54,0.0,0.0,1.0,5.16,4029.38,4034.54,MG-0581_P,True,43,ALLWARA
2025-02-01,2644.243401444985,5950.803310282808,2910.01,0.0,0.0,1.0,2.59,2907.42,2910.01,MG-0581_P,True,44,ALLWARA
2025-03-01,2779.843008628644,8730.646318911451,2930.79,0.0,0.0,1.0,2.53,2928.2599999999998,2930.79,MG-0581_P,True,45,ALLWARA
2025-04-01,2799.6779148064275,11530.324233717878,4035.5,0.0,0.0,1.0,2.69,4032.81,4035.5,MG-0581_P,True,46,ALLWARA
2025-05-01,3198.985526719877,14729.309760437754,4555.08,0.0,0.0,1.0,4.48,4550.6,4555.08,MG-0581_P,True,47,ALLWARA
2025-06-01,3327.2869154363248,18056.59667587408,4574.52,0.0,0.0,1.0,7.55,4566.97,4574.52,MG-0581_P,True,48,ALLWARA
2025-07-01,3588.1563558284706,21644.753031702552,4467.62,0.0,0.0,1.0,4.24,4463.38,4467.62,MG-0581_P,True,49,ALLWARA
2025-08-01,3807.825860792675,25452.57889249523,4341.92,0.0,0.0,1.0,2.58,4339.34,4341.92,MG-0581_P,True,50,ALLWARA
2025-09-01,4033.664399039605,29486.243291534833,4518.04,0.0,0.0,1.0,3.58,4514.46,4518.04,MG-0581_P,True,51,ALLWARA
2025-10-01,4401.079260671155,33887.32255220599,4439.87,0.0,0.0,1.0,99.07,4340.8,4439.87,MG-0581_P,True,52,ALLWARA
2025-11-01,4513.7984697911725,38401.12102199716,4256.87,0.0,0.0,1.0,349.89,3906.98,4256.87,MG-0581_P,True,53,ALLWARA
2025-12-01,4695.655912813774,43096.776934810936,4201.31,0.0,0.0,1.0,353.48,3847.8300000000004,4201.31,MG-0581_P,True,54,ALLWARA
2026-01-01,5027.186250822454,48123.96318563339,3966.39,0.0,0.0,1.0,336.61,3629.7799999999997,3966.39,MG-0581_P,True,55,ALLWARA
2026-02-01,5066.884001240957,53190.84718687434,4078.22,0.0,0.0,1.0,340.14,3738.08,4078.22,MG-0581_P,False,56,ALLWARA
2026-03-01,2410.927949677968,55601.775136552315,4154.38,0.0,0.0,1.0,349.76,3804.62,4154.38,MG-0581_P,False,57,ALLWARA
2026-04-01,0.0,55601.775136552315,0.0,0.0,0.0,0.0,0.0,0.0,0.0,MG-0581_P,False,58,ALLWARA
2021-06-01,0.0,0.0,0.0,0.0,0.0,0.0,0.0,0.0,0.0,MG-0583_P,True,0,ALLWARA
2021-07-01,0.0,0.0,0.0,0.0,0.0,0.0,0.0,0.0,0.0,MG-0583_P,True,1,ALLWARA
2021-08-01,0.0,0.0,0.0,0.0,0.0,0.0,0.0,0.0,0.0,MG-0583_P,True,2,ALLWARA
2021-09-01,0.0,0.0,0.0,0.0,0.0,0.0,0.0,0.0,0.0,MG-0583_P,True,3,ALLWARA
2021-10-01,0.0,0.0,0.0,0.0,0.0,0.0,0.0,0.0,0.0,MG-0583_P,True,4,ALLWARA
2021-11-01,0.0,0.0,0.0,0.0,0.0,0.0,0.0,0.0,0.0,MG-0583_P,True,5,ALLWARA
2021-12-01,0.0,0.0,0.0,0.0,0.0,0.0,0.0,0.0,0.0,MG-0583_P,True,6,ALLWARA
2022-01-01,0.0,0.0,0.0,0.0,0.0,0.0,0.0,0.0,0.0,MG-0583_P,True,7,ALLWARA
2022-02-01,0.0,0.0,0.0,0.0,0.0,0.0,0.0,0.0,0.0,MG-0583_P,True,8,ALLWARA
2022-03-01,0.0,0.0,0.0,0.0,0.0,0.0,0.0,0.0,0.0,MG-0583_P,True,9,ALLWARA
2022-04-01,0.0,0.0,0.0,0.0,0.0,0.0,0.0,0.0,0.0,MG-0583_P,True,10,ALLWARA
2022-05-01,0.0,0.0,0.0,0.0,0.0,0.0,0.0,0.0,0.0,MG-0583_P,True,11,ALLWARA
2022-06-01,0.0,0.0,0.0,0.0,0.0,0.0,0.0,0.0,0.0,MG-0583_P,True,12,ALLWARA
2022-07-01,0.0,0.0,0.0,0.0,0.0,0.0,0.0,0.0,0.0,MG-0583_P,True,13,ALLWARA
2022-08-01,0.0,0.0,0.0,0.0,0.0,0.0,0.0,0.0,0.0,MG-0583_P,True,14,ALLWARA
2022-09-01,0.0,0.0,0.0,0.0,0.0,0.0,0.0,0.0,0.0,MG-0583_P,True,15,ALLWARA
2022-10-01,0.0,0.0,0.0,0.0,0.0,0.0,0.0,0.0,0.0,MG-0583_P,True,16,ALLWARA
2022-11-01,0.0,0.0,0.0,0.0,0.0,0.0,0.0,0.0,0.0,MG-0583_P,True,17,ALLWARA
2022-12-01,0.0,0.0,0.0,0.0,0.0,0.0,0.0,0.0,0.0,MG-0583_P,True,18,ALLWARA
2023-01-01,0.0,0.0,0.0,0.0,0.0,0.0,0.0,0.0,0.0,MG-0583_P,True,19,ALLWARA
2023-02-01,0.0,0.0,0.0,0.0,0.0,0.0,0.0,0.0,0.0,MG-0583_P,True,20,ALLWARA
2023-03-01,0.0,0.0,0.0,0.0,0.0,0.0,0.0,0.0,0.0,MG-0583_P,True,21,ALLWARA
2023-04-01,0.0,0.0,0.0,0.0,0.0,0.0,0.0,0.0,0.0,MG-0583_P,True,22,ALLWARA
2023-05-01,0.0,0.0,0.0,0.0,0.0,0.0,0.0,0.0,0.0,MG-0583_P,True,23,ALLWARA
2023-06-01,0.0,0.0,0.0,0.0,0.0,0.0,0.0,0.0,0.0,MG-0583_P,True,24,ALLWARA
2023-07-01,0.0,0.0,0.0,0.0,0.0,0.0,0.0,0.0,0.0,MG-0583_P,True,25,ALLWARA
2023-08-01,0.0,0.0,0.0,0.0,0.0,0.0,0.0,0.0,0.0,MG-0583_P,True,26,ALLWARA
2023-09-01,0.0,0.0,0.0,0.0,0.0,0.0,0.0,0.0,0.0,MG-0583_P,True,27,ALLWARA
2023-10-01,0.0,0.0,0.0,0.0,0.0,0.0,0.0,0.0,0.0,MG-0583_P,True,28,ALLWARA
2023-11-01,0.0,0.0,0.0,0.0,0.0,0.0,0.0,0.0,0.0,MG-0583_P,True,29,ALLWARA
2023-12-01,0.0,0.0,0.0,0.0,0.0,0.0,0.0,0.0,0.0,MG-0583_P,True,30,ALLWARA
2024-01-01,0.0,0.0,0.0,0.0,0.0,0.0,0.0,0.0,0.0,MG-0583_P,True,31,ALLWARA
2024-02-01,0.0,0.0,0.0,0.0,0.0,0.0,0.0,0.0,0.0,MG-0583_P,True,32,ALLWARA
2024-03-01,0.0,0.0,0.0,0.0,0.0,0.0,0.0,0.0,0.0,MG-0583_P,True,33,ALLWARA
2024-04-01,0.0,0.0,0.0,0.0,0.0,0.0,0.0,0.0,0.0,MG-0583_P,True,34,ALLWARA
2024-05-01,0.0,0.0,0.0,0.0,0.0,0.0,0.0,0.0,0.0,MG-0583_P,True,35,ALLWARA
2024-06-01,0.0,0.0,0.0,0.0,0.0,0.0,0.0,0.0,0.0,MG-0583_P,True,36,ALLWARA
2024-07-01,0.0,0.0,0.0,0.0,0.0,0.0,0.0,0.0,0.0,MG-0583_P,True,37,ALLWARA
2024-08-01,0.0,0.0,0.0,0.0,0.0,0.0,0.0,0.0,0.0,MG-0583_P,True,38,ALLWARA
2024-09-01,0.0,0.0,0.0,0.0,0.0,0.0,0.0,0.0,0.0,MG-0583_P,True,39,ALLWARA
2024-10-01,0.0,0.0,0.0,0.0,0.0,0.0,0.0,0.0,0.0,MG-0583_P,True,40,ALLWARA
2024-11-01,0.0,0.0,0.0,0.0,0.0,0.0,0.0,0.0,0.0,MG-0583_P,True,41,ALLWARA
2024-12-01,0.0,0.0,0.0,0.0,0.0,0.0,0.0,0.0,0.0,MG-0583_P,True,42,ALLWARA
2025-01-01,0.0,0.0,0.0,0.0,0.0,0.0,0.0,0.0,0.0,MG-0583_P,True,43,ALLWARA
2025-02-01,0.0,0.0,0.0,0.0,0.0,0.0,0.0,0.0,0.0,MG-0583_P,True,44,ALLWARA
2025-03-01,0.0,0.0,0.0,0.0,0.0,0.0,0.0,0.0,0.0,MG-0583_P,True,45,ALLWARA
2025-04-01,0.0,0.0,0.0,0.0,0.0,0.0,0.0,0.0,0.0,MG-0583_P,True,46,ALLWARA
2025-05-01,0.0,0.0,0.0,0.0,0.0,0.0,0.0,0.0,0.0,MG-0583_P,True,47,ALLWARA
2025-06-01,0.0,0.0,0.0,0.0,0.0,0.0,0.0,0.0,0.0,MG-0583_P,True,48,ALLWARA
2025-07-01,0.0,0.0,0.0,0.0,0.0,0.0,0.0,0.0,0.0,MG-0583_P,True,49,ALLWARA
2025-08-01,322.28395621153646,322.28395621153646,513.27,0.0,0.0,1.0,9.46,503.81,513.27,MG-0583_P,True,50,ALLWARA
2025-09-01,427.68272991134194,749.9666861228784,534.65,0.0,0.0,1.0,4.78,529.87,534.65,MG-0583_P,True,51,ALLWARA
2025-10-01,552.9858617949687,1302.9525479178471,543.75,0.0,0.0,1.0,1.55,542.2,543.75,MG-0583_P,True,52,ALLWARA
2025-11-01,655.262766401761,1958.2153143196083,576.01,0.0,0.0,1.0,2.09,573.92,576.01,MG-0583_P,True,53,ALLWARA
2025-12-01,598.0052987862128,2556.220613105821,567.08,0.0,0.0,1.0,2.88,564.2,567.08,MG-0583_P,True,54,ALLWARA
2026-01-01,591.062741253754,3147.2833543595752,535.05,0.0,0.0,1.0,2.74,532.31,535.05,MG-0583_P,True,55,ALLWARA
2026-02-01,588.0222630314368,3735.3056173910118,550.94,0.0,0.0,1.0,2.77,548.1700000000001,550.94,MG-0583_P,False,56,ALLWARA
2026-03-01,214.95719864375533,3950.262816034767,560.97,0.0,0.0,1.0,2.86,558.11,560.97,MG-0583_P,False,57,ALLWARA
2026-04-01,0.0,3950.262816034767,0.0,0.0,0.0,0.0,0.0,0.0,0.0,MG-0583_P,False,58,ALLWARA
