DATE,NAME,WATER_INJECTION_VOLUME,SECTOR,ZONE,SUBZONE,WELL_TYPE
02/12/2015,I1,0.0,1,WARA,WARA1,Injector
02/01/2016,I1,293.71,1,WARA,WARA1,Injector
02/02/2016,I1,694.484,1,WARA,WARA1,Injector
02/03/2016,I1,2717.0,1,WARA,WARA1,Injector
02/04/2016,I1,3537.0,1,WARA,WARA1,Injector
02/05/2016,I1,454.0,1,WARA,WARA1,Injector
02/06/2016,I1,1298.0,1,WARA,WARA1,Injector
02/07/2016,I1,1387.0,1,WARA,WARA1,Injector
02/08/2016,I1,2040.0,1,WARA,WARA1,Injector
02/09/2016,I1,2008.84,1,WARA,WARA1,Injector
02/10/2016,I1,1085.17,1,WARA,WARA1,Injector
02/11/2016,I1,1401.87,1,WARA,WARA1,Injector
02/12/2016,I1,1196.87,1,WARA,WARA1,Injector
02/01/2017,I1,1444.16,1,WARA,WARA1,Injector
02/02/2017,I1,1160.61,1,WARA,WARA1,Injector
02/03/2017,I1,1329.0,1,WARA,WARA1,Injector
02/04/2017,I1,1374.48,1,WARA,WARA1,Injector
02/05/2017,I1,1881.0,1,WARA,WARA1,Injector
02/06/2017,I1,1539.0,1,WARA,WARA1,Injector
02/07/2017,I1,1002.0,1,WARA,WARA1,Injector
02/08/2017,I1,613.0,1,WARA,WARA1,Injector
02/09/2017,I1,1375.61,1,WARA,WARA1,Injector
02/10/2017,I1,1424.0,1,WARA,WARA1,Injector
02/11/2017,I1,1357.06,1,WARA,WARA1,Injector
02/12/2017,I1,1479.0,1,WARA,WARA1,Injector
02/01/2018,I1,784.419,1,WARA,WARA1,Injector
02/02/2018,I1,1289.9,1,WARA,WARA1,Injector
02/03/2018,I1,1477.0,1,WARA,WARA1,Injector
02/04/2018,I1,1386.03,1,WARA,WARA1,Injector
02/05/2018,I1,1398.0,1,WARA,WARA1,Injector
02/06/2018,I1,1355.42,1,WARA,WARA1,Injector
02/07/2018,I1,883.0,1,WARA,WARA1,Injector
02/08/2018,I1,1382.35,1,WARA,WARA1,Injector
02/09/2018,I1,1170.23,1,WARA,WARA1,Injector
02/10/2018,I1,1507.0,1,WARA,WARA1,Injector
02/11/2018,I1,1107.84,1,WARA,WARA1,Injector
02/12/2018,I1,1643.0,1,WARA,WARA1,Injector
02/01/2019,I1,1802.39,1,WARA,WARA1,Injector
02/02/2019,I1,1882.77,1,WARA,WARA1,Injector
02/03/2019,I1,2146.0,1,WARA,WARA1,Injector
02/04/2019,I1,2022.13,1,WARA,WARA1,Injector
02/05/2019,I1,1994.8,1,WARA,WARA1,Injector
02/06/2019,I1,2213.68,1,WARA,WARA1,Injector
02/07/2019,I1,2124.0,1,WARA,WARA1,Injector
02/08/2019,I1,2452.06,1,WARA,WARA1,Injector
02/09/2019,I1,2405.0,1,WARA,WARA1,Injector
02/10/2019,I1,2404.0,1,WARA,WARA1,Injector
02/11/2019,I1,2439.0,1,WARA,WARA1,Injector
02/12/2019,I1,2639.0,1,WARA,WARA1,Injector
02/01/2020,I1,2608.29,1,WARA,WARA1,Injector
02/02/2020,I1,2363.29,1,WARA,WARA1,Injector
02/03/2020,I1,2852.0,1,WARA,WARA1,Injector
02/04/2020,I1,2943.0,1,WARA,WARA1,Injector
02/05/2020,I1,3140.0,1,WARA,WARA1,Injector
02/06/2020,I1,762.0,1,WARA,WARA1,Injector
02/07/2020,I1,1720.0,1,WARA,WARA1,Injector
02/08/2020,I1,1790.0,1,WARA,WARA1,Injector
02/09/2020,I1,398.581,1,WARA,WARA1,Injector
02/10/2020,I1,1241.33,1,WARA,WARA1,Injector
02/11/2020,I1,1684.94,1,WARA,WARA1,Injector
02/12/2020,I1,1655.37,1,WARA,WARA1,Injector
02/01/2021,I1,1721.77,1,WARA,WARA1,Injector
02/02/2021,I1,1648.42,1,WARA,WARA1,Injector
02/03/2021,I1,1553.0,1,WARA,WARA1,Injector
02/04/2021,I1,1859.77,1,WARA,WARA1,Injector
02/05/2021,I1,1808.0,1,WARA,WARA1,Injector
02/06/2021,I1,1499.0,1,WARA,WARA1,Injector
02/07/2021,I1,1376.0,1,WARA,WARA1,Injector
02/08/2021,I1,1454.0,1,WARA,WARA1,Injector
02/09/2021,I1,1439.45,1,WARA,WARA1,Injector
02/10/2021,I1,1363.0,1,WARA,WARA1,Injector
02/11/2021,I1,1075.65,1,WARA,WARA1,Injector
02/12/2021,I1,1365.0,1,WARA,WARA1,Injector
02/01/2022,I1,1356.71,1,WARA,WARA1,Injector
02/02/2022,I1,1244.26,1,WARA,WARA1,Injector
02/03/2022,I1,610.0,1,WARA,WARA1,Injector
02/04/2022,I1,535.484,1,WARA,WARA1,Injector
02/05/2022,I1,1573.0,1,WARA,WARA1,Injector
02/06/2022,I1,1762.68,1,WARA,WARA1,Injector
02/07/2022,I1,1781.0,1,WARA,WARA1,Injector
02/08/2022,I1,1748.1,1,WARA,WARA1,Injector
02/09/2022,I1,1974.68,1,WARA,WARA1,Injector
02/10/2022,I1,1905.0,1,WARA,WARA1,Injector
02/11/2022,I1,1542.52,1,WARA,WARA1,Injector
02/12/2022,I1,1678.0,1,WARA,WARA1,Injector
02/01/2023,I1,1765.0,1,WARA,WARA1,Injector
02/02/2023,I1,1488.23,1,WARA,WARA1,Injector
02/03/2023,I1,1285.0,1,WARA,WARA1,Injector
02/04/2023,I1,1503.71,1,WARA,WARA1,Injector
02/05/2023,I1,1623.13,1,WARA,WARA1,Injector
02/06/2023,I1,1626.03,1,WARA,WARA1,Injector
02/07/2023,I1,1579.0,1,WARA,WARA1,Injector
02/08/2023,I1,1575.13,1,WARA,WARA1,Injector
02/09/2023,I1,1435.0,1,WARA,WARA1,Injector
02/10/2023,I1,2136.0,1,WARA,WARA1,Injector
02/11/2023,I1,2032.0,1,WARA,WARA1,Injector
02/12/2023,I1,2351.0,1,WARA,WARA1,Injector
31/12/2023,I1,2562.0,1,WARA,WARA1,Injector
02/12/2015,I2,0.0,1,WARA,WARA1,Injector
02/01/2016,I2,1810.26,1,WARA,WARA1,Injector
02/02/2016,I2,1320.13,1,WARA,WARA1,Injector
02/03/2016,I2,626.0,1,WARA,WARA1,Injector
02/04/2016,I2,299.0,1,WARA,WARA1,Injector
02/05/2016,I2,1420.0,1,WARA,WARA1,Injector
02/06/2016,I2,1626.0,1,WARA,WARA1,Injector
02/07/2016,I2,1181.0,1,WARA,WARA1,Injector
02/08/2016,I2,1068.0,1,WARA,WARA1,Injector
02/09/2016,I2,1077.0,1,WARA,WARA1,Injector
02/10/2016,I2,1344.97,1,WARA,WARA1,Injector
02/11/2016,I2,1298.35,1,WARA,WARA1,Injector
02/12/2016,I2,1662.33,1,WARA,WARA1,Injector
02/01/2017,I2,1472.32,1,WARA,WARA1,Injector
02/02/2017,I2,1558.97,1,WARA,WARA1,Injector
02/03/2017,I2,1370.0,1,WARA,WARA1,Injector
02/04/2017,I2,1343.87,1,WARA,WARA1,Injector
02/05/2017,I2,1636.0,1,WARA,WARA1,Injector
02/06/2017,I2,1769.0,1,WARA,WARA1,Injector
02/07/2017,I2,1877.0,1,WARA,WARA1,Injector
02/08/2017,I2,1795.0,1,WARA,WARA1,Injector
02/09/2017,I2,1653.77,1,WARA,WARA1,Injector
02/10/2017,I2,1527.0,1,WARA,WARA1,Injector
02/11/2017,I2,1676.97,1,WARA,WARA1,Injector
02/12/2017,I2,1706.0,1,WARA,WARA1,Injector
02/01/2018,I2,1640.84,1,WARA,WARA1,Injector
02/02/2018,I2,1586.19,1,WARA,WARA1,Injector
02/03/2018,I2,1299.0,1,WARA,WARA1,Injector
02/04/2018,I2,1582.55,1,WARA,WARA1,Injector
02/05/2018,I2,1612.0,1,WARA,WARA1,Injector
02/06/2018,I2,1572.32,1,WARA,WARA1,Injector
02/07/2018,I2,1584.0,1,WARA,WARA1,Injector
02/08/2018,I2,1573.35,1,WARA,WARA1,Injector
02/09/2018,I2,1532.74,1,WARA,WARA1,Injector
02/10/2018,I2,1525.0,1,WARA,WARA1,Injector
02/11/2018,I2,1535.13,1,WARA,WARA1,Injector
02/12/2018,I2,1539.0,1,WARA,WARA1,Injector
02/01/2019,I2,1463.94,1,WARA,WARA1,Injector
02/02/2019,I2,1460.68,1,WARA,WARA1,Injector
02/03/2019,I2,1421.0,1,WARA,WARA1,Injector
02/04/2019,I2,1446.16,1,WARA,WARA1,Injector
02/05/2019,I2,1408.33,1,WARA,WARA1,Injector
02/06/2019,I2,1418.61,1,WARA,WARA1,Injector
02/07/2019,I2,1479.0,1,WARA,WARA1,Injector
02/08/2019,I2,1279.65,1,WARA,WARA1,Injector
02/09/2019,I2,1262.0,1,WARA,WARA1,Injector
02/10/2019,I2,1166.0,1,WARA,WARA1,Injector
02/11/2019,I2,788.0,1,WARA,WARA1,Injector
02/12/2019,I2,657.0,1,WARA,WARA1,Injector
02/01/2020,I2,619.742,1,WARA,WARA1,Injector
02/02/2020,I2,668.484,1,WARA,WARA1,Injector
02/03/2020,I2,563.0,1,WARA,WARA1,Injector
02/04/2020,I2,600.0,1,WARA,WARA1,Injector
02/05/2020,I2,553.0,1,WARA,WARA1,Injector
02/06/2020,I2,581.0,1,WARA,WARA1,Injector
02/07/2020,I2,687.0,1,WARA,WARA1,Injector
02/08/2020,I2,449.0,1,WARA,WARA1,Injector
02/09/2020,I2,1935.77,1,WARA,WARA1,Injector
02/10/2020,I2,978.467,1,WARA,WARA1,Injector
02/11/2020,I2,1258.29,1,WARA,WARA1,Injector
02/12/2020,I2,1414.7,1,WARA,WARA1,Injector
02/01/2021,I2,1324.13,1,WARA,WARA1,Injector
02/02/2021,I2,620.065,1,WARA,WARA1,Injector
02/03/2021,I2,795.0,1,WARA,WARA1,Injector
02/04/2021,I2,1111.45,1,WARA,WARA1,Injector
02/05/2021,I2,952.0,1,WARA,WARA1,Injector
02/06/2021,I2,1218.0,1,WARA,WARA1,Injector
02/07/2021,I2,1453.0,1,WARA,WARA1,Injector
02/08/2021,I2,1709.0,1,WARA,WARA1,Injector
02/09/2021,I2,1788.52,1,WARA,WARA1,Injector
02/10/2021,I2,1774.0,1,WARA,WARA1,Injector
02/11/2021,I2,1732.0,1,WARA,WARA1,Injector
02/12/2021,I2,1792.0,1,WARA,WARA1,Injector
02/01/2022,I2,1644.26,1,WARA,WARA1,Injector
02/02/2022,I2,1523.42,1,WARA,WARA1,Injector
02/03/2022,I2,1399.0,1,WARA,WARA1,Injector
02/04/2022,I2,1455.13,1,WARA,WARA1,Injector
02/05/2022,I2,1406.0,1,WARA,WARA1,Injector
02/06/2022,I2,1344.06,1,WARA,WARA1,Injector
02/07/2022,I2,1384.0,1,WARA,WARA1,Injector
02/08/2022,I2,1541.74,1,WARA,WARA1,Injector
02/09/2022,I2,1482.48,1,WARA,WARA1,Injector
02/10/2022,I2,1527.0,1,WARA,WARA1,Injector
02/11/2022,I2,1535.77,1,WARA,WARA1,Injector
02/12/2022,I2,1349.0,1,WARA,WARA1,Injector
02/01/2023,I2,1350.45,1,WARA,WARA1,Injector
02/02/2023,I2,1093.48,1,WARA,WARA1,Injector
02/03/2023,I2,1078.0,1,WARA,WARA1,Injector
02/04/2023,I2,1198.0,1,WARA,WARA1,Injector
02/05/2023,I2,906.2,1,WARA,WARA1,Injector
02/06/2023,I2,1166.97,1,WARA,WARA1,Injector
02/07/2023,I2,1010.0,1,WARA,WARA1,Injector
02/08/2023,I2,968.387,1,WARA,WARA1,Injector
02/09/2023,I2,851.0,1,WARA,WARA1,Injector
02/10/2023,I2,740.0,1,WARA,WARA1,Injector
02/11/2023,I2,931.0,1,WARA,WARA1,Injector
02/12/2023,I2,1058.0,1,WARA,WARA1,Injector
31/12/2023,I2,1036.0,1,WARA,WARA1,Injector
02/12/2015,I3,0.0,1,WARA,WARA1,Injector
02/01/2016,I3,299.742,1,WARA,WARA1,Injector
02/02/2016,I3,924.903,1,WARA,WARA1,Injector
02/03/2016,I3,967.0,1,WARA,WARA1,Injector
02/04/2016,I3,775.0,1,WARA,WARA1,Injector
02/05/2016,I3,772.0,1,WARA,WARA1,Injector
02/06/2016,I3,871.0,1,WARA,WARA1,Injector
02/07/2016,I3,905.0,1,WARA,WARA1,Injector
02/08/2016,I3,825.0,1,WARA,WARA1,Injector
02/09/2016,I3,795.71,1,WARA,WARA1,Injector
02/10/2016,I3,877.2,1,WARA,WARA1,Injector
02/11/2016,I3,876.516,1,WARA,WARA1,Injector
02/12/2016,I3,685.133,1,WARA,WARA1,Injector
02/01/2017,I3,785.871,1,WARA,WARA1,Injector
02/02/2017,I3,1072.06,1,WARA,WARA1,Injector
02/03/2017,I3,928.0,1,WARA,WARA1,Injector
02/04/2017,I3,921.226,1,WARA,WARA1,Injector
02/05/2017,I3,1080.0,1,WARA,WARA1,Injector
02/06/2017,I3,795.0,1,WARA,WARA1,Injector
02/07/2017,I3,810.0,1,WARA,WARA1,Injector
02/08/2017,I3,836.0,1,WARA,WARA1,Injector
02/09/2017,I3,825.968,1,WARA,WARA1,Injector
02/10/2017,I3,825.0,1,WARA,WARA1,Injector
02/11/2017,I3,937.613,1,WARA,WARA1,Injector
02/12/2017,I3,746.0,1,WARA,WARA1,Injector
02/01/2018,I3,709.29,1,WARA,WARA1,Injector
02/02/2018,I3,714.0,1,WARA,WARA1,Injector
02/03/2018,I3,656.0,1,WARA,WARA1,Injector
02/04/2018,I3,557.29,1,WARA,WARA1,Injector
02/05/2018,I3,682.0,1,WARA,WARA1,Injector
02/06/2018,I3,857.161,1,WARA,WARA1,Injector
02/07/2018,I3,837.0,1,WARA,WARA1,Injector
02/08/2018,I3,850.548,1,WARA,WARA1,Injector
02/09/2018,I3,790.226,1,WARA,WARA1,Injector
02/10/2018,I3,827.0,1,WARA,WARA1,Injector
02/11/2018,I3,811.065,1,WARA,WARA1,Injector
02/12/2018,I3,723.0,1,WARA,WARA1,Injector
02/01/2019,I3,810.032,1,WARA,WARA1,Injector
02/02/2019,I3,875.935,1,WARA,WARA1,Injector
02/03/2019,I3,1024.0,1,WARA,WARA1,Injector
02/04/2019,I3,1008.52,1,WARA,WARA1,Injector
02/05/2019,I3,1115.3,1,WARA,WARA1,Injector
02/06/2019,I3,1113.19,1,WARA,WARA1,Injector
02/07/2019,I3,907.0,1,WARA,WARA1,Injector
02/08/2019,I3,731.839,1,WARA,WARA1,Injector
02/09/2019,I3,1064.0,1,WARA,WARA1,Injector
02/10/2019,I3,1208.0,1,WARA,WARA1,Injector
02/11/2019,I3,1270.0,1,WARA,WARA1,Injector
02/12/2019,I3,1226.0,1,WARA,WARA1,Injector
02/01/2020,I3,838.806,1,WARA,WARA1,Injector
02/02/2020,I3,955.161,1,WARA,WARA1,Injector
02/03/2020,I3,1020.0,1,WARA,WARA1,Injector
02/04/2020,I3,923.0,1,WARA,WARA1,Injector
02/05/2020,I3,886.0,1,WARA,WARA1,Injector
02/06/2020,I3,899.0,1,WARA,WARA1,Injector
02/07/2020,I3,868.0,1,WARA,WARA1,Injector
02/08/2020,I3,869.0,1,WARA,WARA1,Injector
02/09/2020,I3,114.742,1,WARA,WARA1,Injector
02/10/2020,I3,398.0,1,WARA,WARA1,Injector
02/11/2020,I3,155.903,1,WARA,WARA1,Injector
02/12/2020,I3,726.933,1,WARA,WARA1,Injector
02/01/2021,I3,836.677,1,WARA,WARA1,Injector
02/02/2021,I3,696.419,1,WARA,WARA1,Injector
02/03/2021,I3,543.0,1,WARA,WARA1,Injector
02/04/2021,I3,209.129,1,WARA,WARA1,Injector
02/05/2021,I3,234.0,1,WARA,WARA1,Injector
02/06/2021,I3,114.0,1,WARA,WARA1,Injector
02/07/2021,I3,252.0,1,WARA,WARA1,Injector
02/08/2021,I3,285.0,1,WARA,WARA1,Injector
02/09/2021,I3,411.484,1,WARA,WARA1,Injector
02/10/2021,I3,216.0,1,WARA,WARA1,Injector
02/11/2021,I3,547.548,1,WARA,WARA1,Injector
02/12/2021,I3,654.0,1,WARA,WARA1,Injector
02/01/2022,I3,926.0,1,WARA,WARA1,Injector
02/02/2022,I3,891.29,1,WARA,WARA1,Injector
02/03/2022,I3,823.0,1,WARA,WARA1,Injector
02/04/2022,I3,876.226,1,WARA,WARA1,Injector
02/05/2022,I3,692.0,1,WARA,WARA1,Injector
02/06/2022,I3,737.484,1,WARA,WARA1,Injector
02/07/2022,I3,984.0,1,WARA,WARA1,Injector
02/08/2022,I3,1067.23,1,WARA,WARA1,Injector
02/09/2022,I3,1022.35,1,WARA,WARA1,Injector
02/10/2022,I3,1003.0,1,WARA,WARA1,Injector
02/11/2022,I3,855.548,1,WARA,WARA1,Injector
02/12/2022,I3,992.0,1,WARA,WARA1,Injector
02/01/2023,I3,1037.71,1,WARA,WARA1,Injector
02/02/2023,I3,1148.81,1,WARA,WARA1,Injector
02/03/2023,I3,1143.0,1,WARA,WARA1,Injector
02/04/2023,I3,1163.32,1,WARA,WARA1,Injector
02/05/2023,I3,1272.27,1,WARA,WARA1,Injector
02/06/2023,I3,1150.19,1,WARA,WARA1,Injector
02/07/2023,I3,1460.0,1,WARA,WARA1,Injector
02/08/2023,I3,1380.65,1,WARA,WARA1,Injector
02/09/2023,I3,1306.0,1,WARA,WARA1,Injector
02/10/2023,I3,1305.0,1,WARA,WARA1,Injector
02/11/2023,I3,1278.0,1,WARA,WARA1,Injector
02/12/2023,I3,1379.0,1,WARA,WARA1,Injector
31/12/2023,I3,1374.0,1,WARA,WARA1,Injector
02/12/2015,I4,0.0,1,WARA,WARA1,Injector
02/01/2016,I4,281.645,1,WARA,WARA1,Injector
02/02/2016,I4,629.516,1,WARA,WARA1,Injector
02/03/2016,I4,608.0,1,WARA,WARA1,Injector
02/04/2016,I4,570.0,1,WARA,WARA1,Injector
02/05/2016,I4,472.0,1,WARA,WARA1,Injector
02/06/2016,I4,375.0,1,WARA,WARA1,Injector
02/07/2016,I4,483.0,1,WARA,WARA1,Injector
02/08/2016,I4,509.0,1,WARA,WARA1,Injector
02/09/2016,I4,271.0,1,WARA,WARA1,Injector
02/10/2016,I4,601.367,1,WARA,WARA1,Injector
02/11/2016,I4,611.581,1,WARA,WARA1,Injector
02/12/2016,I4,591.3,1,WARA,WARA1,Injector
02/01/2017,I4,373.581,1,WARA,WARA1,Injector
02/02/2017,I4,547.194,1,WARA,WARA1,Injector
02/03/2017,I4,637.0,1,WARA,WARA1,Injector
02/04/2017,I4,575.065,1,WARA,WARA1,Injector
02/05/2017,I4,521.0,1,WARA,WARA1,Injector
02/06/2017,I4,603.0,1,WARA,WARA1,Injector
02/07/2017,I4,509.0,1,WARA,WARA1,Injector
02/08/2017,I4,519.0,1,WARA,WARA1,Injector
02/09/2017,I4,559.774,1,WARA,WARA1,Injector
02/10/2017,I4,583.0,1,WARA,WARA1,Injector
02/11/2017,I4,666.29,1,WARA,WARA1,Injector
02/12/2017,I4,675.0,1,WARA,WARA1,Injector
02/01/2018,I4,605.452,1,WARA,WARA1,Injector
02/02/2018,I4,615.645,1,WARA,WARA1,Injector
02/03/2018,I4,567.0,1,WARA,WARA1,Injector
02/04/2018,I4,695.71,1,WARA,WARA1,Injector
02/05/2018,I4,681.0,1,WARA,WARA1,Injector
02/06/2018,I4,719.71,1,WARA,WARA1,Injector
02/07/2018,I4,697.0,1,WARA,WARA1,Injector
02/08/2018,I4,663.129,1,WARA,WARA1,Injector
02/09/2018,I4,682.258,1,WARA,WARA1,Injector
02/10/2018,I4,660.0,1,WARA,WARA1,Injector
02/11/2018,I4,668.323,1,WARA,WARA1,Injector
02/12/2018,I4,708.0,1,WARA,WARA1,Injector
02/01/2019,I4,747.71,1,WARA,WARA1,Injector
02/02/2019,I4,858.129,1,WARA,WARA1,Injector
02/03/2019,I4,832.0,1,WARA,WARA1,Injector
02/04/2019,I4,781.677,1,WARA,WARA1,Injector
02/05/2019,I4,700.733,1,WARA,WARA1,Injector
02/06/2019,I4,702.839,1,WARA,WARA1,Injector
02/07/2019,I4,792.0,1,WARA,WARA1,Injector
02/08/2019,I4,729.097,1,WARA,WARA1,Injector
02/09/2019,I4,855.0,1,WARA,WARA1,Injector
02/10/2019,I4,835.0,1,WARA,WARA1,Injector
02/11/2019,I4,832.0,1,WARA,WARA1,Injector
02/12/2019,I4,813.0,1,WARA,WARA1,Injector
02/01/2020,I4,725.548,1,WARA,WARA1,Injector
02/02/2020,I4,657.645,1,WARA,WARA1,Injector
02/03/2020,I4,827.0,1,WARA,WARA1,Injector
02/04/2020,I4,849.0,1,WARA,WARA1,Injector
02/05/2020,I4,812.0,1,WARA,WARA1,Injector
02/06/2020,I4,851.0,1,WARA,WARA1,Injector
02/07/2020,I4,832.0,1,WARA,WARA1,Injector
02/08/2020,I4,820.0,1,WARA,WARA1,Injector
02/09/2020,I4,1031.65,1,WARA,WARA1,Injector
02/10/2020,I4,728.7,1,WARA,WARA1,Injector
02/11/2020,I4,959.839,1,WARA,WARA1,Injector
02/12/2020,I4,1183.43,1,WARA,WARA1,Injector
02/01/2021,I4,852.161,1,WARA,WARA1,Injector
02/02/2021,I4,985.71,1,WARA,WARA1,Injector
02/03/2021,I4,1112.0,1,WARA,WARA1,Injector
02/04/2021,I4,1112.97,1,WARA,WARA1,Injector
02/05/2021,I4,1154.0,1,WARA,WARA1,Injector
02/06/2021,I4,806.0,1,WARA,WARA1,Injector
02/07/2021,I4,646.0,1,WARA,WARA1,Injector
02/08/2021,I4,617.0,1,WARA,WARA1,Injector
02/09/2021,I4,793.774,1,WARA,WARA1,Injector
02/10/2021,I4,847.0,1,WARA,WARA1,Injector
02/11/2021,I4,685.323,1,WARA,WARA1,Injector
02/12/2021,I4,725.0,1,WARA,WARA1,Injector
02/01/2022,I4,908.29,1,WARA,WARA1,Injector
02/02/2022,I4,837.839,1,WARA,WARA1,Injector
02/03/2022,I4,995.0,1,WARA,WARA1,Injector
02/04/2022,I4,807.258,1,WARA,WARA1,Injector
02/05/2022,I4,879.0,1,WARA,WARA1,Injector
02/06/2022,I4,969.968,1,WARA,WARA1,Injector
02/07/2022,I4,799.0,1,WARA,WARA1,Injector
02/08/2022,I4,1022.55,1,WARA,WARA1,Injector
02/09/2022,I4,1003.0,1,WARA,WARA1,Injector
02/10/2022,I4,853.0,1,WARA,WARA1,Injector
02/11/2022,I4,841.355,1,WARA,WARA1,Injector
02/12/2022,I4,942.0,1,WARA,WARA1,Injector
02/01/2023,I4,981.935,1,WARA,WARA1,Injector
02/02/2023,I4,979.581,1,WARA,WARA1,Injector
02/03/2023,I4,967.0,1,WARA,WARA1,Injector
02/04/2023,I4,937.968,1,WARA,WARA1,Injector
02/05/2023,I4,960.2,1,WARA,WARA1,Injector
02/06/2023,I4,909.71,1,WARA,WARA1,Injector
02/07/2023,I4,997.0,1,WARA,WARA1,Injector
02/08/2023,I4,1184.74,1,WARA,WARA1,Injector
02/09/2023,I4,1203.0,1,WARA,WARA1,Injector
02/10/2023,I4,1350.0,1,WARA,WARA1,Injector
02/11/2023,I4,1268.0,1,WARA,WARA1,Injector
02/12/2023,I4,1133.0,1,WARA,WARA1,Injector
31/12/2023,I4,1055.0,1,WARA,WARA1,Injector
02/12/2015,I5,0.0,1,WARA,WARA1,Injector
02/01/2016,I5,761.29,1,WARA,WARA1,Injector
02/02/2016,I5,535.613,1,WARA,WARA1,Injector
02/03/2016,I5,1052.0,1,WARA,WARA1,Injector
02/04/2016,I5,1018.0,1,WARA,WARA1,Injector
02/05/2016,I5,788.0,1,WARA,WARA1,Injector
02/06/2016,I5,127.0,1,WARA,WARA1,Injector
02/07/2016,I5,241.0,1,WARA,WARA1,Injector
02/08/2016,I5,248.0,1,WARA,WARA1,Injector
02/09/2016,I5,408.484,1,WARA,WARA1,Injector
02/10/2016,I5,673.767,1,WARA,WARA1,Injector
02/11/2016,I5,984.387,1,WARA,WARA1,Injector
02/12/2016,I5,940.167,1,WARA,WARA1,Injector
02/01/2017,I5,1054.16,1,WARA,WARA1,Injector
02/02/2017,I5,851.258,1,WARA,WARA1,Injector
02/03/2017,I5,884.0,1,WARA,WARA1,Injector
02/04/2017,I5,1173.35,1,WARA,WARA1,Injector
02/05/2017,I5,1208.0,1,WARA,WARA1,Injector
02/06/2017,I5,982.0,1,WARA,WARA1,Injector
02/07/2017,I5,1077.0,1,WARA,WARA1,Injector
02/08/2017,I5,1124.0,1,WARA,WARA1,Injector
02/09/2017,I5,1001.61,1,WARA,WARA1,Injector
02/10/2017,I5,780.0,1,WARA,WARA1,Injector
02/11/2017,I5,704.323,1,WARA,WARA1,Injector
02/12/2017,I5,1044.0,1,WARA,WARA1,Injector
02/01/2018,I5,799.484,1,WARA,WARA1,Injector
02/02/2018,I5,667.161,1,WARA,WARA1,Injector
02/03/2018,I5,713.0,1,WARA,WARA1,Injector
02/04/2018,I5,767.194,1,WARA,WARA1,Injector
02/05/2018,I5,791.0,1,WARA,WARA1,Injector
02/06/2018,I5,1389.06,1,WARA,WARA1,Injector
02/07/2018,I5,1461.0,1,WARA,WARA1,Injector
02/08/2018,I5,1335.19,1,WARA,WARA1,Injector
02/09/2018,I5,1430.1,1,WARA,WARA1,Injector
02/10/2018,I5,1223.0,1,WARA,WARA1,Injector
02/11/2018,I5,1192.1,1,WARA,WARA1,Injector
02/12/2018,I5,1165.0,1,WARA,WARA1,Injector
02/01/2019,I5,1177.39,1,WARA,WARA1,Injector
02/02/2019,I5,916.935,1,WARA,WARA1,Injector
02/03/2019,I5,1755.0,1,WARA,WARA1,Injector
02/04/2019,I5,1546.94,1,WARA,WARA1,Injector
02/05/2019,I5,1373.73,1,WARA,WARA1,Injector
02/06/2019,I5,1203.48,1,WARA,WARA1,Injector
02/07/2019,I5,1205.0,1,WARA,WARA1,Injector
02/08/2019,I5,1251.45,1,WARA,WARA1,Injector
02/09/2019,I5,1064.0,1,WARA,WARA1,Injector
02/10/2019,I5,1222.0,1,WARA,WARA1,Injector
02/11/2019,I5,1064.0,1,WARA,WARA1,Injector
02/12/2019,I5,1030.0,1,WARA,WARA1,Injector
02/01/2020,I5,942.355,1,WARA,WARA1,Injector
02/02/2020,I5,958.871,1,WARA,WARA1,Injector
02/03/2020,I5,1135.0,1,WARA,WARA1,Injector
02/04/2020,I5,996.0,1,WARA,WARA1,Injector
02/05/2020,I5,1202.0,1,WARA,WARA1,Injector
02/06/2020,I5,1179.0,1,WARA,WARA1,Injector
02/07/2020,I5,1239.0,1,WARA,WARA1,Injector
02/08/2020,I5,1253.0,1,WARA,WARA1,Injector
02/09/2020,I5,214.419,1,WARA,WARA1,Injector
02/10/2020,I5,817.433,1,WARA,WARA1,Injector
02/11/2020,I5,1435.97,1,WARA,WARA1,Injector
02/12/2020,I5,2206.9,1,WARA,WARA1,Injector
02/01/2021,I5,1952.65,1,WARA,WARA1,Injector
02/02/2021,I5,1360.52,1,WARA,WARA1,Injector
02/03/2021,I5,1194.0,1,WARA,WARA1,Injector
02/04/2021,I5,997.548,1,WARA,WARA1,Injector
02/05/2021,I5,1240.0,1,WARA,WARA1,Injector
02/06/2021,I5,1273.0,1,WARA,WARA1,Injector
02/07/2021,I5,1110.0,1,WARA,WARA1,Injector
02/08/2021,I5,1084.0,1,WARA,WARA1,Injector
02/09/2021,I5,1276.26,1,WARA,WARA1,Injector
02/10/2021,I5,1224.0,1,WARA,WARA1,Injector
02/11/2021,I5,1211.16,1,WARA,WARA1,Injector
02/12/2021,I5,1036.0,1,WARA,WARA1,Injector
02/01/2022,I5,1255.81,1,WARA,WARA1,Injector
02/02/2022,I5,639.871,1,WARA,WARA1,Injector
02/03/2022,I5,493.0,1,WARA,WARA1,Injector
02/04/2022,I5,444.613,1,WARA,WARA1,Injector
02/05/2022,I5,457.0,1,WARA,WARA1,Injector
02/06/2022,I5,491.839,1,WARA,WARA1,Injector
02/07/2022,I5,515.0,1,WARA,WARA1,Injector
02/08/2022,I5,491.774,1,WARA,WARA1,Injector
02/09/2022,I5,507.0,1,WARA,WARA1,Injector
02/10/2022,I5,567.0,1,WARA,WARA1,Injector
02/11/2022,I5,544.129,1,WARA,WARA1,Injector
02/12/2022,I5,548.0,1,WARA,WARA1,Injector
02/01/2023,I5,532.323,1,WARA,WARA1,Injector
02/02/2023,I5,671.774,1,WARA,WARA1,Injector
02/03/2023,I5,965.0,1,WARA,WARA1,Injector
02/04/2023,I5,1004.68,1,WARA,WARA1,Injector
02/05/2023,I5,1098.8,1,WARA,WARA1,Injector
02/06/2023,I5,1204.58,1,WARA,WARA1,Injector
02/07/2023,I5,1272.0,1,WARA,WARA1,Injector
02/08/2023,I5,1176.19,1,WARA,WARA1,Injector
02/09/2023,I5,1125.0,1,WARA,WARA1,Injector
02/10/2023,I5,1040.0,1,WARA,WARA1,Injector
02/11/2023,I5,1074.0,1,WARA,WARA1,Injector
02/12/2023,I5,1146.0,1,WARA,WARA1,Injector
31/12/2023,I5,1429.0,1,WARA,WARA1,Injector
