DATE,NAME,LIQUID_VOLUME,SECTOR,ZONE,SUBZONE,WELL_TYPE,GAS_VOLUME,WATER_VOLUME,OIL_VOLUME,PRESSURE
02/12/2015,P1,0.0,1,WARA,WARA1,Producer,0.0,0.0,0.0,0
02/01/2016,P1,910.8035278,1,WARA,WARA1,Producer,240.4521332,1.11e-06,910.8035278,250
02/02/2016,P1,995.3125,1,WARA,WARA1,Producer,262.7624817,8.77e-05,995.3123779,250
02/03/2016,P1,1447.382568,1,WARA,WARA1,Producer,382.1086731,0.001326463,1447.381348,250
02/04/2016,P1,1575.792725,1,WARA,WARA1,Producer,415.9925842,0.063223109,1575.729492,250
02/05/2016,P1,997.1760254,1,WARA,WARA1,Producer,263.2364807,0.068213485,997.1078491,250
02/06/2016,P1,1151.493896,1,WARA,WARA1,Producer,303.9525146,0.158595324,1151.335327,250
02/07/2016,P1,1096.605591,1,WARA,WARA1,Producer,289.4233398,0.304973871,1096.300537,250
02/08/2016,P1,1215.235596,1,WARA,WARA1,Producer,320.5785522,0.922870278,1214.312622,250
02/09/2016,P1,1216.561035,1,WARA,WARA1,Producer,320.69104,1.822313428,1214.73877,250
02/10/2016,P1,1140.7677,1,WARA,WARA1,Producer,300.483551,2.572422743,1138.19519,250
02/11/2016,P1,1253.034058,1,WARA,WARA1,Producer,329.643219,4.385493755,1248.64856,250
02/12/2016,P1,1261.79248,1,WARA,WARA1,Producer,331.4091187,6.454892635,1255.337646,250
02/01/2017,P1,1282.894653,1,WARA,WARA1,Producer,336.0880127,9.83409214,1273.060669,250
02/02/2017,P1,1286.573364,1,WARA,WARA1,Producer,336.0052795,13.82600689,1272.747314,250
02/03/2017,P1,1271.327271,1,WARA,WARA1,Producer,330.8151245,18.239645,1253.087646,250
02/04/2017,P1,1301.273071,1,WARA,WARA1,Producer,336.8941956,25.15865517,1276.11438,250
02/05/2017,P1,1535.753174,1,WARA,WARA1,Producer,394.6486511,40.87182999,1494.881348,250
02/06/2017,P1,1453.523315,1,WARA,WARA1,Producer,370.3812256,50.56412125,1402.959229,250
02/07/2017,P1,1334.084595,1,WARA,WARA1,Producer,337.1478882,57.00921631,1277.075439,250
02/08/2017,P1,1207.974731,1,WARA,WARA1,Producer,302.4494934,62.3326149,1145.64209,250
02/09/2017,P1,1334.017212,1,WARA,WARA1,Producer,330.0829773,83.70291138,1250.314331,250
02/10/2017,P1,1309.227539,1,WARA,WARA1,Producer,319.9790649,97.18563843,1212.04187,250
02/11/2017,P1,1347.413696,1,WARA,WARA1,Producer,324.5825806,117.9341431,1229.479492,250
02/12/2017,P1,1399.920288,1,WARA,WARA1,Producer,331.857605,142.8838959,1257.036377,250
02/01/2018,P1,1172.716675,1,WARA,WARA1,Producer,273.7140808,135.9208984,1036.795776,250
02/02/2018,P1,1236.341309,1,WARA,WARA1,Producer,283.7756042,161.4337616,1074.907593,250
02/03/2018,P1,1207.961182,1,WARA,WARA1,Producer,273.1368408,173.3520203,1034.609253,250
02/04/2018,P1,1257.813477,1,WARA,WARA1,Producer,278.9970093,201.0066223,1056.806763,250
02/05/2018,P1,1304.36499,1,WARA,WARA1,Producer,283.4985657,230.5067444,1073.858276,250
02/06/2018,P1,1408.682983,1,WARA,WARA1,Producer,299.0794067,275.806366,1132.876587,250
02/07/2018,P1,1317.322144,1,WARA,WARA1,Producer,273.3431396,281.931488,1035.390625,250
02/08/2018,P1,1416.161011,1,WARA,WARA1,Producer,286.8194275,329.7237549,1086.437256,250
02/09/2018,P1,1366.976807,1,WARA,WARA1,Producer,270.087738,343.9171448,1023.059631,250
02/10/2018,P1,1426.19043,1,WARA,WARA1,Producer,275.0283508,384.4163818,1041.774048,250
02/11/2018,P1,1325.471191,1,WARA,WARA1,Producer,249.1210327,381.8309021,943.6402588,250
02/12/2018,P1,1438.268799,1,WARA,WARA1,Producer,263.5950012,439.8028259,998.4659424,250
02/01/2019,P1,1502.416504,1,WARA,WARA1,Producer,267.860199,487.7944641,1014.622009,250
02/02/2019,P1,1527.976807,1,WARA,WARA1,Producer,264.6390686,525.5560913,1002.420715,250
02/03/2019,P1,1726.226318,1,WARA,WARA1,Producer,290.0579529,627.5219116,1098.704468,250
02/04/2019,P1,1701.3927,1,WARA,WARA1,Producer,276.3146362,654.7463379,1046.646362,250
02/05/2019,P1,1671.848511,1,WARA,WARA1,Producer,262.8606262,676.1642456,995.6842041,250
02/06/2019,P1,1706.059326,1,WARA,WARA1,Producer,259.0613098,724.7664795,981.2929077,250
02/07/2019,P1,1672.840332,1,WARA,WARA1,Producer,245.5194092,742.8425903,929.9978027,250
02/08/2019,P1,1667.663818,1,WARA,WARA1,Producer,235.8775787,774.1881714,893.475647,250
02/09/2019,P1,1710.8125,1,WARA,WARA1,Producer,232.8540497,828.7896118,882.0228882,250
02/10/2019,P1,1741.085205,1,WARA,WARA1,Producer,228.1911469,876.7247314,864.3604126,250
02/11/2019,P1,1646.508301,1,WARA,WARA1,Producer,207.4254913,860.8056641,785.7026367,250
02/12/2019,P1,1638.37439,1,WARA,WARA1,Producer,198.0312653,888.2559204,750.1184692,250
02/01/2020,P1,1514.862305,1,WARA,WARA1,Producer,175.5483856,849.90625,664.9560547,250
02/02/2020,P1,1461.449463,1,WARA,WARA1,Producer,163.2151489,843.2102661,618.2391968,250
02/03/2020,P1,1622.508911,1,WARA,WARA1,Producer,173.20224,966.4397583,656.0690918,250
02/04/2020,P1,1647.672729,1,WARA,WARA1,Producer,167.543045,1013.039978,634.6327515,250
02/05/2020,P1,1709.126587,1,WARA,WARA1,Producer,165.2390442,1083.221069,625.9054565,250
02/06/2020,P1,1069.340942,1,WARA,WARA1,Producer,104.1581039,674.8026123,394.538269,250
02/07/2020,P1,1309.504883,1,WARA,WARA1,Producer,124.7838821,836.8386841,472.6661987,250
02/08/2020,P1,1274.554443,1,WARA,WARA1,Producer,117.7252121,828.6255493,445.928833,250
02/09/2020,P1,1018.219543,1,WARA,WARA1,Producer,97.48439789,648.9605103,369.2590942,250
02/10/2020,P1,1055.137695,1,WARA,WARA1,Producer,98.72016144,681.1977539,373.9400024,250
02/11/2020,P1,1329.540161,1,WARA,WARA1,Producer,121.0067368,871.1812744,458.3588562,250
02/12/2020,P1,1699.562988,1,WARA,WARA1,Producer,150.9441071,1127.805054,571.7579956,250
02/01/2021,P1,1656.566528,1,WARA,WARA1,Producer,143.0926971,1114.548828,542.0178223,250
02/02/2021,P1,1334.741211,1,WARA,WARA1,Producer,111.0240173,914.1956787,420.5455322,250
02/03/2021,P1,1279.039917,1,WARA,WARA1,Producer,103.7539139,886.0326538,393.0072632,250
02/04/2021,P1,1347.216675,1,WARA,WARA1,Producer,106.2606659,944.7141113,402.502533,250
02/05/2021,P1,1338.977295,1,WARA,WARA1,Producer,102.5625,950.4830322,388.4943237,250
02/06/2021,P1,1257.944214,1,WARA,WARA1,Producer,95.07485199,897.8121338,360.132019,250
02/07/2021,P1,1261.074341,1,WARA,WARA1,Producer,94.40879822,903.46521,357.6090698,250
02/08/2021,P1,1352.158203,1,WARA,WARA1,Producer,99.83940125,973.9786987,378.1795349,250
02/09/2021,P1,1460.61792,1,WARA,WARA1,Producer,105.7350388,1060.106445,400.5115356,250
02/10/2021,P1,1409.124146,1,WARA,WARA1,Producer,99.97577667,1030.428101,378.6961365,250
02/11/2021,P1,1356.953247,1,WARA,WARA1,Producer,94.48933411,999.0391235,357.9141541,250
02/12/2021,P1,1453.528687,1,WARA,WARA1,Producer,98.59081268,1080.078613,373.4500427,250
02/01/2022,P1,1536.770752,1,WARA,WARA1,Producer,101.0821609,1153.883789,382.8869629,250
02/02/2022,P1,1377.00293,1,WARA,WARA1,Producer,88.28783417,1042.579346,334.4236145,250
02/03/2022,P1,1128.300171,1,WARA,WARA1,Producer,71.4003067,857.8444824,270.455719,250
02/04/2022,P1,1071.841919,1,WARA,WARA1,Producer,66.90048981,818.4309692,253.4109497,250
02/05/2022,P1,1317.339844,1,WARA,WARA1,Producer,79.80103302,1015.063232,302.2766418,250
02/06/2022,P1,1416.152588,1,WARA,WARA1,Producer,82.90084839,1102.134277,314.0183716,250
02/07/2022,P1,1469.54187,1,WARA,WARA1,Producer,83.46339417,1153.3927,316.149231,250
02/08/2022,P1,1558.167114,1,WARA,WARA1,Producer,85.94585419,1232.614624,325.5524597,250
02/09/2022,P1,1607.502441,1,WARA,WARA1,Producer,85.86218262,1282.266968,325.2355347,250
02/10/2022,P1,1588.536377,1,WARA,WARA1,Producer,82.51670837,1275.973022,312.5632935,250
02/11/2022,P1,1447.387329,1,WARA,WARA1,Producer,73.55583954,1168.766724,278.6206055,250
02/12/2022,P1,1463.762085,1,WARA,WARA1,Producer,72.40799713,1189.48938,274.2727051,250
02/01/2023,P1,1506.145264,1,WARA,WARA1,Producer,72.42523956,1231.807251,274.3380432,250
02/02/2023,P1,1402.463623,1,WARA,WARA1,Producer,65.73300934,1153.474976,248.988678,250
02/03/2023,P1,1371.56543,1,WARA,WARA1,Producer,63.10570908,1132.528687,239.0367889,250
02/04/2023,P1,1474.92334,1,WARA,WARA1,Producer,66.38717651,1223.456787,251.466568,250
02/05/2023,P1,1477.276733,1,WARA,WARA1,Producer,64.72440338,1232.108521,245.1681824,250
02/06/2023,P1,1536.54834,1,WARA,WARA1,Producer,65.87234497,1287.03186,249.516449,250
02/07/2023,P1,1575.215942,1,WARA,WARA1,Producer,65.91953278,1325.520752,249.6952057,250
02/08/2023,P1,1564.689331,1,WARA,WARA1,Producer,63.88792038,1322.689575,241.9997101,250
02/09/2023,P1,1469.121338,1,WARA,WARA1,Producer,58.63618469,1247.014648,222.1067657,250
02/10/2023,P1,1639.381226,1,WARA,WARA1,Producer,63.0420723,1400.585449,238.7957306,250
02/11/2023,P1,1668.920044,1,WARA,WARA1,Producer,62.31135941,1432.892212,236.0278778,250
02/12/2023,P1,1813.708252,1,WARA,WARA1,Producer,65.57067871,1565.334473,248.3737793,250
31/12/2023,P1,1911.68103,1,WARA,WARA1,Producer,66.73440552,1658.89917,252.7818451,250
02/12/2015,P2,0.0,1,WARA,WARA1,Producer,0.0,0.0,0.0,0
02/01/2016,P2,703.7446289,1,WARA,WARA1,Producer,185.7885742,2.85e-11,703.7446289,250
02/02/2016,P2,901.1116333,1,WARA,WARA1,Producer,237.8934631,2.1e-07,901.1116333,250
02/03/2016,P2,1444.231689,1,WARA,WARA1,Producer,381.2769165,0.000958496,1444.230713,250
02/04/2016,P2,1612.206909,1,WARA,WARA1,Producer,425.6064148,0.061383933,1612.145508,250
02/05/2016,P2,870.289856,1,WARA,WARA1,Producer,229.7392578,0.065397203,870.2244873,250
02/06/2016,P2,982.2275391,1,WARA,WARA1,Producer,259.2624817,0.172665045,982.0548706,250
02/07/2016,P2,1000.589111,1,WARA,WARA1,Producer,264.0579834,0.369541287,1000.219604,250
02/08/2016,P2,1137.871948,1,WARA,WARA1,Producer,300.0815735,1.199353695,1136.672607,250
02/09/2016,P2,1108.005249,1,WARA,WARA1,Producer,291.8746338,2.419547558,1105.585693,250
02/10/2016,P2,1039.253418,1,WARA,WARA1,Producer,273.4750061,3.363181114,1035.890259,250
02/11/2016,P2,1159.749512,1,WARA,WARA1,Producer,304.6727905,5.685932159,1154.063599,250
02/12/2016,P2,1120.633911,1,WARA,WARA1,Producer,293.7734985,7.855487347,1112.778442,250
02/01/2017,P2,1134.740723,1,WARA,WARA1,Producer,296.4491272,11.82744217,1122.91333,250
02/02/2017,P2,1148.59021,1,WARA,WARA1,Producer,299.0356445,15.87943745,1132.710815,250
02/03/2017,P2,1169.073486,1,WARA,WARA1,Producer,303.1829529,20.6532402,1148.420288,250
02/04/2017,P2,1197.320801,1,WARA,WARA1,Producer,308.8423157,27.46352768,1169.8573,250
02/05/2017,P2,1387.677124,1,WARA,WARA1,Producer,354.7817383,43.80686951,1343.870239,250
02/06/2017,P2,1296.225586,1,WARA,WARA1,Producer,328.5335999,51.78015518,1244.445435,250
02/07/2017,P2,1150.577026,1,WARA,WARA1,Producer,289.7124329,53.1813736,1097.39563,250
02/08/2017,P2,1033.800781,1,WARA,WARA1,Producer,259.1257019,52.26410675,981.5367432,250
02/09/2017,P2,1182.896851,1,WARA,WARA1,Producer,293.2877502,71.9584198,1110.938477,250
02/10/2017,P2,1178.889893,1,WARA,WARA1,Producer,288.991394,84.22553253,1094.664429,250
02/11/2017,P2,1209.261353,1,WARA,WARA1,Producer,293.0260315,99.31430054,1109.947021,250
02/12/2017,P2,1258.213135,1,WARA,WARA1,Producer,300.9546509,118.2334442,1139.979736,250
02/01/2018,P2,1030.737671,1,WARA,WARA1,Producer,244.8713837,103.1945267,927.5430908,250
02/02/2018,P2,1101.429565,1,WARA,WARA1,Producer,257.9776001,124.2416306,977.1878662,250
02/03/2018,P2,1104.177856,1,WARA,WARA1,Producer,254.7395935,139.255188,964.9226685,250
02/04/2018,P2,1135.164917,1,WARA,WARA1,Producer,258.1228943,157.4266357,977.7382202,250
02/05/2018,P2,1174.44873,1,WARA,WARA1,Producer,263.0234375,178.1478424,996.3009033,250
02/06/2018,P2,1286.8479,1,WARA,WARA1,Producer,284.1879272,210.3783875,1076.469482,250
02/07/2018,P2,1191.470215,1,WARA,WARA1,Producer,261.2828979,201.7622681,989.7079468,250
02/08/2018,P2,1285.863647,1,WARA,WARA1,Producer,276.6353455,238.002533,1047.861206,250
02/09/2018,P2,1243.831909,1,WARA,WARA1,Producer,263.8556213,244.37883,999.453125,250
02/10/2018,P2,1300.959961,1,WARA,WARA1,Producer,270.0613403,278.0004272,1022.959595,250
02/11/2018,P2,1199.859863,1,WARA,WARA1,Producer,245.7808685,268.8717041,930.9880981,250
02/12/2018,P2,1315.983032,1,WARA,WARA1,Producer,262.9961548,319.7855225,996.1975098,250
02/01/2019,P2,1395.0448,1,WARA,WARA1,Producer,271.4498901,366.825531,1028.219238,250
02/02/2019,P2,1436.200195,1,WARA,WARA1,Producer,272.1903076,405.176239,1031.023926,250
02/03/2019,P2,1634.980835,1,WARA,WARA1,Producer,301.54776,492.7544861,1142.226318,250
02/04/2019,P2,1600.973633,1,WARA,WARA1,Producer,286.8632813,514.3703613,1086.603271,250
02/05/2019,P2,1565.919434,1,WARA,WARA1,Producer,272.3096924,534.4432983,1031.476074,250
02/06/2019,P2,1598.527832,1,WARA,WARA1,Producer,267.9215088,583.673584,1014.854187,250
02/07/2019,P2,1568.976074,1,WARA,WARA1,Producer,255.319809,601.8556519,967.1204834,250
02/08/2019,P2,1582.704224,1,WARA,WARA1,Producer,247.1448212,646.5495605,936.1546021,250
02/09/2019,P2,1644.940674,1,WARA,WARA1,Producer,248.4298401,703.9185791,941.0221558,250
02/10/2019,P2,1686.071533,1,WARA,WARA1,Producer,246.7143707,751.5474243,934.5241089,250
02/11/2019,P2,1642.913452,1,WARA,WARA1,Producer,232.4614868,762.3775024,880.5358887,250
02/12/2019,P2,1652.240356,1,WARA,WARA1,Producer,224.8428955,800.5626831,851.6776123,250
02/01/2020,P2,1524.325806,1,WARA,WARA1,Producer,198.8378296,771.1522217,753.173584,250
02/02/2020,P2,1454.894775,1,WARA,WARA1,Producer,183.4342346,760.0681152,694.8266602,250
02/03/2020,P2,1649.966797,1,WARA,WARA1,Producer,200.3992004,890.8789673,759.0878906,250
02/04/2020,P2,1675.625732,1,WARA,WARA1,Producer,195.280014,935.9287109,739.6970215,250
02/05/2020,P2,1738.126953,1,WARA,WARA1,Producer,193.7131042,1004.365112,733.7617798,250
02/06/2020,P2,1103.004395,1,WARA,WARA1,Producer,129.4409485,612.6977539,490.3066101,250
02/07/2020,P2,1322.123779,1,WARA,WARA1,Producer,152.3185577,745.1595459,576.9642334,250
02/08/2020,P2,1317.901489,1,WARA,WARA1,Producer,148.9619293,753.6517334,564.2496948,250
02/09/2020,P2,893.4862671,1,WARA,WARA1,Producer,104.6880493,496.9406128,396.5456238,250
02/10/2020,P2,1012.729187,1,WARA,WARA1,Producer,115.5746765,574.9463501,437.7828674,250
02/11/2020,P2,1278.411621,1,WARA,WARA1,Producer,142.3262024,739.2972412,539.1143799,250
02/12/2020,P2,1654.755493,1,WARA,WARA1,Producer,183.1897583,960.8548584,693.9006348,250
02/01/2021,P2,1581.355103,1,WARA,WARA1,Producer,169.8165436,938.1105957,643.2445068,250
02/02/2021,P2,1373.385498,1,WARA,WARA1,Producer,145.0435486,823.9780884,549.4074097,250
02/03/2021,P2,1315.491089,1,WARA,WARA1,Producer,137.6149292,794.2223511,521.2686768,250
02/04/2021,P2,1340.452515,1,WARA,WARA1,Producer,136.0359039,825.164978,515.2875366,250
02/05/2021,P2,1357.307251,1,WARA,WARA1,Producer,135.0451202,845.7727051,511.5345459,250
02/06/2021,P2,1195.832275,1,WARA,WARA1,Producer,115.9264145,756.7171021,439.1152039,250
02/07/2021,P2,1141.959595,1,WARA,WARA1,Producer,107.4923706,734.7915039,407.1680603,250
02/08/2021,P2,1191.355347,1,WARA,WARA1,Producer,108.4003067,780.7481079,410.6072083,250
02/09/2021,P2,1310.262085,1,WARA,WARA1,Producer,117.0634766,866.8398438,443.4222412,250
02/10/2021,P2,1269.235596,1,WARA,WARA1,Producer,111.9163208,845.3101807,423.9254761,250
02/11/2021,P2,1201.453857,1,WARA,WARA1,Producer,104.6139908,805.1887817,396.2651062,250
02/12/2021,P2,1293.636353,1,WARA,WARA1,Producer,109.7024841,878.0966187,415.5397034,250
02/01/2022,P2,1420.778809,1,WARA,WARA1,Producer,118.9478607,970.21875,450.5600586,250
02/02/2022,P2,1271.713623,1,WARA,WARA1,Producer,104.6334915,875.3746338,396.3389893,250
02/03/2022,P2,1062.411743,1,WARA,WARA1,Producer,88.92048645,725.5917358,336.8200073,250
02/04/2022,P2,974.2410889,1,WARA,WARA1,Producer,81.56420898,665.2857056,308.9553528,250
02/05/2022,P2,1232.932251,1,WARA,WARA1,Producer,98.72944641,858.9570313,373.9751892,250
02/06/2022,P2,1354.482422,1,WARA,WARA1,Producer,104.2012024,959.7809448,394.7015381,250
02/07/2022,P2,1379.456543,1,WARA,WARA1,Producer,101.8796768,993.5487061,385.9078674,250
02/08/2022,P2,1475.019775,1,WARA,WARA1,Producer,106.2840118,1072.428833,402.5909424,250
02/09/2022,P2,1530.488525,1,WARA,WARA1,Producer,106.5241165,1126.988037,403.5004578,250
02/10/2022,P2,1485.794189,1,WARA,WARA1,Producer,99.79692841,1107.775513,378.0186768,250
02/11/2022,P2,1341.578979,1,WARA,WARA1,Producer,88.40149689,1006.724792,334.8541565,250
02/12/2022,P2,1396.725342,1,WARA,WARA1,Producer,90.24640656,1054.882813,341.8424683,250
02/01/2023,P2,1445.891113,1,WARA,WARA1,Producer,91.27381134,1100.156982,345.7341309,250
02/02/2023,P2,1378.143188,1,WARA,WARA1,Producer,86.16573334,1051.757813,326.385376,250
02/03/2023,P2,1348.805908,1,WARA,WARA1,Producer,84.01470947,1030.568359,318.2375488,250
02/04/2023,P2,1431.056396,1,WARA,WARA1,Producer,87.20523071,1100.733521,330.3228455,250
02/05/2023,P2,1476.110229,1,WARA,WARA1,Producer,87.9768219,1142.864746,333.2455139,250
02/06/2023,P2,1494.067139,1,WARA,WARA1,Producer,86.72709656,1165.55542,328.5117493,250
02/07/2023,P2,1564.54187,1,WARA,WARA1,Producer,89.1624527,1226.805298,337.7365417,250
02/08/2023,P2,1587.111084,1,WARA,WARA1,Producer,89.35282135,1248.653442,338.4576416,250
02/09/2023,P2,1512.204956,1,WARA,WARA1,Producer,84.31137085,1192.84375,319.3612366,250
02/10/2023,P2,1717.785645,1,WARA,WARA1,Producer,92.56272888,1367.169189,350.616394,250
02/11/2023,P2,1711.550537,1,WARA,WARA1,Producer,89.24660492,1373.495239,338.0553284,250
02/12/2023,P2,1818.498169,1,WARA,WARA1,Producer,90.35751343,1476.234863,342.2633362,250
31/12/2023,P2,1907.458496,1,WARA,WARA1,Producer,90.28586578,1565.466675,341.9919128,250
02/12/2015,P3,0.0,1,WARA,WARA1,Producer,0.0,0.0,0.0,0
02/01/2016,P3,974.0841064,1,WARA,WARA1,Producer,257.1582031,8.05e-07,974.0841064,250
02/02/2016,P3,974.2332153,1,WARA,WARA1,Producer,257.1975403,8.07e-05,974.2331543,250
02/03/2016,P3,1222.397583,1,WARA,WARA1,Producer,322.7127686,0.000675296,1222.396851,250
02/04/2016,P3,1234.143188,1,WARA,WARA1,Producer,325.8130493,0.002837324,1234.140381,250
02/05/2016,P3,1039.58313,1,WARA,WARA1,Producer,274.4476013,0.008879523,1039.574341,250
02/06/2016,P3,994.2589111,1,WARA,WARA1,Producer,262.4752808,0.034408916,994.2245483,250
02/07/2016,P3,941.2803345,1,WARA,WARA1,Producer,248.4747009,0.088305399,941.1920166,250
02/08/2016,P3,978.7692261,1,WARA,WARA1,Producer,258.3289795,0.250428647,978.5187988,250
02/09/2016,P3,999.1235352,1,WARA,WARA1,Producer,263.6363525,0.501017928,998.6224976,250
02/10/2016,P3,1072.552124,1,WARA,WARA1,Producer,282.8825684,1.027155876,1071.524902,250
02/11/2016,P3,1195.832153,1,WARA,WARA1,Producer,315.1987,1.897674322,1193.934448,250
02/12/2016,P3,1225.192139,1,WARA,WARA1,Producer,322.5358276,3.465629816,1221.726563,250
02/01/2017,P3,1230.780029,1,WARA,WARA1,Producer,323.4567261,5.565181255,1225.214844,250
02/02/2017,P3,1243.664917,1,WARA,WARA1,Producer,326.0181885,8.7474823,1234.917358,250
02/03/2017,P3,1211.860962,1,WARA,WARA1,Producer,316.8638611,11.61906338,1200.241943,250
02/04/2017,P3,1270.864502,1,WARA,WARA1,Producer,331.2049255,16.30044365,1254.564087,250
02/05/2017,P3,1447.143799,1,WARA,WARA1,Producer,375.2071838,25.90441513,1421.23938,250
02/06/2017,P3,1376.272095,1,WARA,WARA1,Producer,354.3110046,34.18490982,1342.087158,250
02/07/2017,P3,1337.581299,1,WARA,WARA1,Producer,341.6538696,43.43790817,1294.143433,250
02/08/2017,P3,1272.473022,1,WARA,WARA1,Producer,322.3046875,51.62198639,1220.851074,250
02/09/2017,P3,1289.32019,1,WARA,WARA1,Producer,323.2996826,64.70011139,1224.619995,250
02/10/2017,P3,1223.256592,1,WARA,WARA1,Producer,303.4013062,74.00918579,1149.247437,250
02/11/2017,P3,1257.223145,1,WARA,WARA1,Producer,307.5541687,92.245224,1164.977905,250
02/12/2017,P3,1336.468628,1,WARA,WARA1,Producer,322.7576904,113.9016113,1222.567017,250
02/01/2018,P3,1169.924805,1,WARA,WARA1,Producer,278.4982605,115.0071259,1054.917725,250
02/02/2018,P3,1154.812134,1,WARA,WARA1,Producer,270.3798828,130.6459503,1024.166138,250
02/03/2018,P3,1103.282593,1,WARA,WARA1,Producer,255.1847839,136.6736298,966.6090088,250
02/04/2018,P3,1169.818481,1,WARA,WARA1,Producer,265.9009705,162.6178894,1007.200623,250
02/05/2018,P3,1218.587646,1,WARA,WARA1,Producer,272.0835266,187.9682312,1030.619385,250
02/06/2018,P3,1403.914307,1,WARA,WARA1,Producer,309.6540833,230.9822388,1172.932129,250
02/07/2018,P3,1388.145996,1,WARA,WARA1,Producer,302.2047119,243.4310913,1144.714844,250
02/08/2018,P3,1409.817749,1,WARA,WARA1,Producer,301.2403259,268.7559509,1141.06189,250
02/09/2018,P3,1395.698364,1,WARA,WARA1,Producer,293.1729126,285.1949768,1110.503418,250
02/10/2018,P3,1386.133667,1,WARA,WARA1,Producer,285.0246887,306.4946899,1079.639038,250
02/11/2018,P3,1329.591431,1,WARA,WARA1,Producer,267.705658,315.5549316,1014.036499,250
02/12/2018,P3,1370.763062,1,WARA,WARA1,Producer,269.7640686,348.9294434,1021.833618,250
02/01/2019,P3,1410.949951,1,WARA,WARA1,Producer,271.4524841,382.7208862,1028.229126,250
02/02/2019,P3,1390.589478,1,WARA,WARA1,Producer,260.4100037,404.1880188,986.4014893,250
02/03/2019,P3,1657.823364,1,WARA,WARA1,Producer,306.3511047,497.4024658,1160.420898,250
02/04/2019,P3,1626.528931,1,WARA,WARA1,Producer,293.7484436,513.84552,1112.683472,250
02/05/2019,P3,1577.605591,1,WARA,WARA1,Producer,277.75,525.5222778,1052.083374,250
02/06/2019,P3,1558.751709,1,WARA,WARA1,Producer,266.4363708,549.5230103,1009.228699,250
02/07/2019,P3,1534.695435,1,WARA,WARA1,Producer,255.0680542,568.5285645,966.1668701,250
02/08/2019,P3,1491.817627,1,WARA,WARA1,Producer,241.9162292,575.4682617,916.3493652,250
02/09/2019,P3,1513.476929,1,WARA,WARA1,Producer,238.6575317,609.4711304,904.0057983,250
02/10/2019,P3,1562.450562,1,WARA,WARA1,Producer,240.915863,649.8905029,912.5600586,250
02/11/2019,P3,1443.113647,1,WARA,WARA1,Producer,218.4461212,615.6661987,827.4474487,250
02/12/2019,P3,1401.085571,1,WARA,WARA1,Producer,208.2998199,612.0710449,789.0144653,250
02/01/2020,P3,1268.599731,1,WARA,WARA1,Producer,185.0024414,567.8328857,700.7667847,250
02/02/2020,P3,1249.191406,1,WARA,WARA1,Producer,178.5870514,572.7253418,676.4660645,250
02/03/2020,P3,1366.464966,1,WARA,WARA1,Producer,191.9895172,639.2319336,727.2330322,250
02/04/2020,P3,1357.995972,1,WARA,WARA1,Producer,186.4184875,651.8653564,706.1306763,250
02/05/2020,P3,1416.748779,1,WARA,WARA1,Producer,190.5202484,695.0812378,721.6676025,250
02/06/2020,P3,1103.588867,1,WARA,WARA1,Producer,146.7262573,547.8076172,555.78125,250
02/07/2020,P3,1228.761475,1,WARA,WARA1,Producer,160.0628357,622.4628296,606.298584,250
02/08/2020,P3,1185.921143,1,WARA,WARA1,Producer,151.6962433,611.314209,574.6069946,250
02/09/2020,P3,983.9810791,1,WARA,WARA1,Producer,119.7337189,530.4442139,453.5368042,250
02/10/2020,P3,987.270874,1,WARA,WARA1,Producer,118.0690536,540.0396729,447.2312622,250
02/11/2020,P3,1281.915771,1,WARA,WARA1,Producer,150.1848755,713.0336304,568.8821411,250
02/12/2020,P3,1763.391968,1,WARA,WARA1,Producer,201.8449707,998.8276978,764.56427,250
02/01/2021,P3,1679.572754,1,WARA,WARA1,Producer,186.1945496,974.2903442,705.2824097,250
02/02/2021,P3,1288.200684,1,WARA,WARA1,Producer,139.6356964,759.2776489,528.9230957,250
02/03/2021,P3,1219.616699,1,WARA,WARA1,Producer,129.2075958,730.1940308,489.422699,250
02/04/2021,P3,1218.296387,1,WARA,WARA1,Producer,125.163208,744.1932983,474.1030579,250
02/05/2021,P3,1246.926392,1,WARA,WARA1,Producer,125.0840073,773.123291,473.8030396,250
02/06/2021,P3,1215.637817,1,WARA,WARA1,Producer,118.8002701,765.6367188,450.0010376,250
02/07/2021,P3,1216.05835,1,WARA,WARA1,Producer,115.3275681,779.2115479,436.8468628,250
02/08/2021,P3,1292.806396,1,WARA,WARA1,Producer,118.4158936,844.2614136,448.5450439,250
02/09/2021,P3,1428.783081,1,WARA,WARA1,Producer,126.5640106,949.3739624,479.4091492,250
02/10/2021,P3,1382.946777,1,WARA,WARA1,Producer,118.7973938,932.9567261,449.9901123,250
02/11/2021,P3,1369.31311,1,WARA,WARA1,Producer,114.0683289,937.236145,432.0770264,250
02/12/2021,P3,1403.663818,1,WARA,WARA1,Producer,112.970253,975.7462158,427.9176331,250
02/01/2022,P3,1515.103882,1,WARA,WARA1,Producer,118.4582367,1066.398438,448.7054443,250
02/02/2022,P3,1289.157837,1,WARA,WARA1,Producer,97.38340759,920.281311,368.8765564,250
02/03/2022,P3,1105.595825,1,WARA,WARA1,Producer,81.47005463,796.9971313,308.5986938,250
02/04/2022,P3,1055.79541,1,WARA,WARA1,Producer,75.66400146,769.1893921,286.6060791,250
02/05/2022,P3,1159.307861,1,WARA,WARA1,Producer,80.7321167,853.5043335,305.8034668,250
02/06/2022,P3,1229.742065,1,WARA,WARA1,Producer,83.38652039,913.8839722,315.8580322,250
02/07/2022,P3,1283.381104,1,WARA,WARA1,Producer,84.81828308,962.0997314,321.2813721,250
02/08/2022,P3,1373.050415,1,WARA,WARA1,Producer,88.14974976,1039.149902,333.9005737,250
02/09/2022,P3,1393.027222,1,WARA,WARA1,Producer,87.0679245,1063.224487,329.8027344,250
02/10/2022,P3,1390.915527,1,WARA,WARA1,Producer,84.79936218,1069.705811,321.2097168,250
02/11/2022,P3,1298.159668,1,WARA,WARA1,Producer,77.21125031,1005.69281,292.4668579,250
02/12/2022,P3,1297.706665,1,WARA,WARA1,Producer,75.6919632,1010.99469,286.7119751,250
02/01/2023,P3,1324.927856,1,WARA,WARA1,Producer,75.62533569,1038.468262,286.4595947,250
02/02/2023,P3,1278.43457,1,WARA,WARA1,Producer,72.3024826,1004.561584,273.8730469,250
02/03/2023,P3,1317.852661,1,WARA,WARA1,Producer,74.37667847,1036.122803,281.7298584,250
02/04/2023,P3,1398.864014,1,WARA,WARA1,Producer,77.94515228,1103.61731,295.2467957,250
02/05/2023,P3,1396.575928,1,WARA,WARA1,Producer,77.25364685,1103.948486,292.6274414,250
02/06/2023,P3,1469.661377,1,WARA,WARA1,Producer,80.01475525,1166.575195,303.0861816,250
02/07/2023,P3,1524.443359,1,WARA,WARA1,Producer,81.79831696,1214.601196,309.8421021,250
02/08/2023,P3,1501.990845,1,WARA,WARA1,Producer,79.11599731,1202.309082,299.6817932,250
02/09/2023,P3,1418.774292,1,WARA,WARA1,Producer,73.46822357,1140.485596,278.2887268,250
02/10/2023,P3,1479.184692,1,WARA,WARA1,Producer,74.91075897,1195.431763,283.7528992,250
02/11/2023,P3,1523.755493,1,WARA,WARA1,Producer,75.27185059,1238.634888,285.120636,250
02/12/2023,P3,1634.094482,1,WARA,WARA1,Producer,78.52162933,1336.664063,297.4304199,250
31/12/2023,P3,1740.193237,1,WARA,WARA1,Producer,81.72509766,1430.628418,309.5647583,250
02/12/2015,P4,0.0,1,WARA,WARA1,Producer,0.0,0.0,0.0,0
02/01/2016,P4,767.0175781,1,WARA,WARA1,Producer,202.49263,3.32e-09,767.0175781,250
02/02/2016,P4,880.0337524,1,WARA,WARA1,Producer,232.3289032,5.01e-07,880.0337524,250
02/03/2016,P4,1219.245972,1,WARA,WARA1,Producer,321.8809509,2.82e-05,1219.245972,250
02/04/2016,P4,1270.547974,1,WARA,WARA1,Producer,335.4245605,0.000418834,1270.547485,250
02/05/2016,P4,912.6967773,1,WARA,WARA1,Producer,240.9516144,0.00127476,912.6954956,250
02/06/2016,P4,825.0093994,1,WARA,WARA1,Producer,217.8016968,0.002955599,825.0064697,250
02/07/2016,P4,845.2646484,1,WARA,WARA1,Producer,223.1479797,0.007167658,845.2575073,250
02/08/2016,P4,901.37854,1,WARA,WARA1,Producer,237.9581757,0.02186239,901.3566895,250
02/09/2016,P4,890.510437,1,WARA,WARA1,Producer,235.0828094,0.045222167,890.46521,250
02/10/2016,P4,970.9212646,1,WARA,WARA1,Producer,256.2961121,0.10262879,970.8186035,250
02/11/2016,P4,1102.328003,1,WARA,WARA1,Producer,290.9564514,0.220318168,1102.107666,250
02/12/2016,P4,1083.703735,1,WARA,WARA1,Producer,285.9923401,0.399507254,1083.304321,250
02/01/2017,P4,1082.119751,1,WARA,WARA1,Producer,285.4898987,0.718574822,1081.401123,250
02/02/2017,P4,1104.970703,1,WARA,WARA1,Producer,291.3870239,1.232008696,1103.73877,250
02/03/2017,P4,1108.697876,1,WARA,WARA1,Producer,292.2118225,1.834898591,1106.862915,250
02/04/2017,P4,1165.743896,1,WARA,WARA1,Producer,306.9627991,3.006039619,1162.737915,250
02/05/2017,P4,1297.278809,1,WARA,WARA1,Producer,341.1037598,5.219156265,1292.059692,250
02/06/2017,P4,1216.87561,1,WARA,WARA1,Producer,319.3989258,7.03109169,1209.844482,250
02/07/2017,P4,1151.831787,1,WARA,WARA1,Producer,301.6683655,9.148528099,1142.683228,250
02/08/2017,P4,1096.093384,1,WARA,WARA1,Producer,286.2940674,11.64611816,1084.447266,250
02/09/2017,P4,1135.404053,1,WARA,WARA1,Producer,295.6171875,15.64200211,1119.761963,250
02/10/2017,P4,1089.769653,1,WARA,WARA1,Producer,282.8174133,18.49146461,1071.278076,250
02/11/2017,P4,1115.332397,1,WARA,WARA1,Producer,288.3325195,23.16378212,1092.168701,250
02/12/2017,P4,1190.391846,1,WARA,WARA1,Producer,306.2240601,30.4521122,1159.939697,250
02/01/2018,P4,1024.237793,1,WARA,WARA1,Producer,262.1911011,31.08975029,993.1480713,250
02/02/2018,P4,1015.645081,1,WARA,WARA1,Producer,258.6876831,35.76743698,979.8776245,250
02/03/2018,P4,994.8772583,1,WARA,WARA1,Producer,252.158844,39.73008728,955.1471558,250
02/04/2018,P4,1041.908936,1,WARA,WARA1,Producer,262.4772949,47.67683029,994.2321167,250
02/05/2018,P4,1082.847534,1,WARA,WARA1,Producer,270.9162292,56.64975739,1026.197754,250
02/06/2018,P4,1275.703857,1,WARA,WARA1,Producer,315.8052368,79.47184753,1196.231934,250
02/07/2018,P4,1257.07312,1,WARA,WARA1,Producer,307.6684265,91.66251373,1165.410645,250
02/08/2018,P4,1274.428955,1,WARA,WARA1,Producer,308.0670776,107.5082626,1166.920776,250
02/09/2018,P4,1267.970459,1,WARA,WARA1,Producer,302.3425598,122.7335815,1145.236938,250
02/10/2018,P4,1256.240601,1,WARA,WARA1,Producer,295.6439209,136.3772888,1119.863281,250
02/11/2018,P4,1199.793457,1,WARA,WARA1,Producer,278.4343872,145.1177063,1054.675781,250
02/12/2018,P4,1243.811279,1,WARA,WARA1,Producer,284.6598206,165.5543823,1078.256958,250
02/01/2019,P4,1298.280151,1,WARA,WARA1,Producer,292.5494385,190.138382,1108.141846,250
02/02/2019,P4,1292.946045,1,WARA,WARA1,Producer,287.3235779,204.5992584,1088.346802,250
02/03/2019,P4,1560.083496,1,WARA,WARA1,Producer,339.1879272,275.2807617,1284.802856,250
02/04/2019,P4,1520.438965,1,WARA,WARA1,Producer,323.0877075,296.6218872,1223.817017,250
02/05/2019,P4,1466.334839,1,WARA,WARA1,Producer,304.8913574,311.4432983,1154.891479,250
02/06/2019,P4,1445.483154,1,WARA,WARA1,Producer,294.2313232,330.9704895,1114.512695,250
02/07/2019,P4,1424.962402,1,WARA,WARA1,Producer,284.2366943,348.3082886,1076.654053,250
02/08/2019,P4,1400.731812,1,WARA,WARA1,Producer,273.3679199,365.2473145,1035.484497,250
02/09/2019,P4,1441.112183,1,WARA,WARA1,Producer,275.5525818,397.3522949,1043.759888,250
02/10/2019,P4,1501.104492,1,WARA,WARA1,Producer,280.3036194,439.3483582,1061.756104,250
02/11/2019,P4,1433.907959,1,WARA,WARA1,Producer,262.0002747,441.482666,992.425293,250
02/12/2019,P4,1409.7948,1,WARA,WARA1,Producer,252.2064819,454.4671936,955.3275757,250
02/01/2020,P4,1273.531616,1,WARA,WARA1,Producer,223.3224182,427.6133423,845.9182739,250
02/02/2020,P4,1238.531372,1,WARA,WARA1,Producer,212.4451752,433.8148193,804.7165527,250
02/03/2020,P4,1389.748413,1,WARA,WARA1,Producer,233.1863251,506.4669189,883.2815552,250
02/04/2020,P4,1382.144897,1,WARA,WARA1,Producer,226.8319397,522.9330444,859.211853,250
02/05/2020,P4,1442.23999,1,WARA,WARA1,Producer,230.7287445,568.2674561,873.9725342,250
02/06/2020,P4,1135.437012,1,WARA,WARA1,Producer,177.7276459,462.2262268,673.2107544,250
02/07/2020,P4,1240.84729,1,WARA,WARA1,Producer,189.6502838,522.4750366,718.3722534,250
02/08/2020,P4,1229.154419,1,WARA,WARA1,Producer,183.4956665,534.0950928,695.0593872,250
02/09/2020,P4,859.0392456,1,WARA,WARA1,Producer,127.5459595,375.910614,483.1286316,250
02/10/2020,P4,944.1021118,1,WARA,WARA1,Producer,137.4518585,423.4511108,520.651001,250
02/11/2020,P4,1229.976929,1,WARA,WARA1,Producer,174.3079681,569.7195435,660.2574463,250
02/12/2020,P4,1718.707275,1,WARA,WARA1,Producer,233.828949,832.9915161,885.7156982,250
02/01/2021,P4,1605.286865,1,WARA,WARA1,Producer,209.9548645,810.0032959,795.2835693,250
02/02/2021,P4,1327.900024,1,WARA,WARA1,Producer,170.1518555,683.385437,644.5145874,250
02/03/2021,P4,1257.451904,1,WARA,WARA1,Producer,158.6016693,656.6879272,600.763916,250
02/04/2021,P4,1212.954102,1,WARA,WARA1,Producer,150.427597,643.1526489,569.8015137,250
02/05/2021,P4,1266.40686,1,WARA,WARA1,Producer,153.7228394,684.1233521,582.2835083,250
02/06/2021,P4,1154.515137,1,WARA,WARA1,Producer,136.2667236,638.3533325,516.1618042,250
02/07/2021,P4,1097.632568,1,WARA,WARA1,Producer,126.0843124,620.0405273,477.5920715,250
02/08/2021,P4,1132.143555,1,WARA,WARA1,Producer,126.476387,653.0663452,479.0772095,250
02/09/2021,P4,1278.118652,1,WARA,WARA1,Producer,138.8336334,752.2335815,525.8850098,250
02/10/2021,P4,1242.6604,1,WARA,WARA1,Producer,131.9160309,742.9785156,499.6819153,250
02/11/2021,P4,1213.481812,1,WARA,WARA1,Producer,125.1581039,739.3980713,474.0837402,250
02/12/2021,P4,1243.440308,1,WARA,WARA1,Producer,125.2703018,768.9315796,474.508728,250
02/01/2022,P4,1398.799805,1,WARA,WARA1,Producer,137.3502502,878.5336304,520.2661133,250
02/02/2022,P4,1183.621338,1,WARA,WARA1,Producer,114.5233688,749.8207397,433.8006287,250
02/03/2022,P4,1039.395752,1,WARA,WARA1,Producer,99.7879715,661.4110718,377.9847412,250
02/04/2022,P4,958.098999,1,WARA,WARA1,Producer,90.60860443,614.8845825,343.2144165,250
02/05/2022,P4,1074.840576,1,WARA,WARA1,Producer,100.2118225,695.2503052,379.5902405,250
02/06/2022,P4,1167.338989,1,WARA,WARA1,Producer,107.109169,761.6224976,405.7165527,250
02/07/2022,P4,1192.162476,1,WARA,WARA1,Producer,106.9358063,787.1025391,405.0598755,250
02/08/2022,P4,1288.482666,1,WARA,WARA1,Producer,113.1879425,859.7404785,428.7421875,250
02/09/2022,P4,1314.444458,1,WARA,WARA1,Producer,112.9220581,886.7093506,427.7350769,250
02/10/2022,P4,1286.390381,1,WARA,WARA1,Producer,107.8840256,877.7387695,408.6516113,250
02/11/2022,P4,1190.583374,1,WARA,WARA1,Producer,97.75337219,820.3054199,370.2779236,250
02/12/2022,P4,1229.062378,1,WARA,WARA1,Producer,98.8800354,854.5167236,374.5455933,250
02/01/2023,P4,1263.197632,1,WARA,WARA1,Producer,99.4281311,886.5758667,376.6217041,250
02/02/2023,P4,1252.968872,1,WARA,WARA1,Producer,96.48270416,887.5040283,365.4648132,250
02/03/2023,P4,1294.411255,1,WARA,WARA1,Producer,97.56726837,924.8383179,369.5729675,250
02/04/2023,P4,1354.858643,1,WARA,WARA1,Producer,99.48732758,978.0127563,376.8459167,250
02/05/2023,P4,1395.642456,1,WARA,WARA1,Producer,99.95022583,1017.043091,378.5993652,250
02/06/2023,P4,1427.665894,1,WARA,WARA1,Producer,99.4962616,1050.786011,376.8797913,250
02/07/2023,P4,1514.553833,1,WARA,WARA1,Producer,102.6582489,1125.696899,388.8569946,250
02/08/2023,P4,1525.590698,1,WARA,WARA1,Producer,100.9064178,1143.369385,382.221283,250
02/09/2023,P4,1463.28479,1,WARA,WARA1,Producer,94.5776825,1105.036011,358.2488098,250
02/10/2023,P4,1559.557861,1,WARA,WARA1,Producer,98.39445496,1186.851685,372.7062683,250
02/11/2023,P4,1568.240234,1,WARA,WARA1,Producer,96.28860474,1203.510742,364.7295837,250
02/12/2023,P4,1640.671631,1,WARA,WARA1,Producer,97.69407654,1270.618286,370.0533142,250
31/12/2023,P4,1737.514526,1,WARA,WARA1,Producer,100.3340225,1357.461426,380.0531006,250
